2876;3226;False;0
2561;2278;False;0
2965;2090;True;228
4900;2402;True;256
1974;1331;False;0
4362;402;False;0
218;2971;True;165
3929;1168;False;0
981;4717;True;209
2095;4622;True;291
3674;1911;False;0
4431;2753;True;136
4529;4862;True;156
1489;2845;False;0
3941;2074;True;231
3623;2106;False;0
4042;3192;True;113
572;924;True;280
2227;2213;False;0
4186;1483;False;0
4179;1892;True;335
553;2664;False;0
2514;3000;False;0
2280;2975;False;0
3743;168;False;0
753;631;False;0
4263;3706;True;100
3332;1136;True;39
473;1004;False;0
4420;373;True;326
3450;4695;False;0
4305;3327;True;262
4071;3927;True;210
4552;1424;True;343
2539;4717;False;0
2913;1990;False;0
4825;3343;True;301
531;1946;False;0
2642;3177;False;0
552;4445;True;203
3713;3124;False;0
3496;2231;False;0
1473;2855;True;199
3685;3406;False;0
906;645;True;284
1379;386;False;0
3112;2176;True;64
564;1539;True;64
3158;945;True;134
249;237;False;0
2021;4815;True;171
136;3532;True;167
3660;3934;True;302
3280;1430;False;0
4645;3420;True;345
2466;4916;False;0
2760;1206;False;0
2516;3050;False;0
3474;2269;False;0
1728;2543;False;0
602;2838;False;0
130;397;True;84
1256;94;False;0
2048;694;True;338
2356;3507;False;0
73;2241;False;0
4279;4109;True;88
3517;289;True;51
1989;2149;False;0
1859;4684;False;0
1142;2068;True;305
1400;2541;False;0
3909;3621;False;0
4110;2793;False;0
1449;2026;True;53
2340;3976;True;72
1773;3850;True;240
1111;369;False;0
336;151;True;18
876;234;False;0
2410;3127;False;0
21;3569;False;0
1359;769;True;140
3658;4401;True;163
3265;2815;True;80
73;1597;True;354
406;3964;False;0
913;1361;True;352
3695;1591;True;13
3641;1848;False;0
2176;2793;False;0
1784;4725;False;0
28;4981;True;321
1413;1484;False;0
945;1807;False;0
2665;4969;False;0
4813;3189;False;0
4048;2298;False;0
3697;467;False;0
711;1670;True;80
4644;2607;False;0
1048;4593;False;0
4276;231;True;283
4448;3758;True;137
4364;932;True;335
2805;1528;False;0
2438;258;True;81
713;1037;False;0
2648;4797;True;231
72;984;True;78
1435;1516;True;45
1296;2154;True;48
908;168;True;86
2751;140;False;0
3435;3572;False;0
1882;3108;True;309
3323;1064;False;0
4015;4906;False;0
1403;4933;True;74
310;2261;True;224
1498;2742;False;0
1951;798;True;346
3567;263;False;0
4486;4505;True;356
1672;3010;False;0
275;2352;True;343
2626;2030;False;0
3337;2221;True;235
3745;3267;True;129
1692;1494;True;238
2720;2190;True;217
3392;1104;True;357
909;1097;True;307
992;1852;False;0
2931;3359;False;0
3459;1960;True;77
2934;4978;True;103
1344;2218;True;26
2282;3142;False;0
3881;2663;False;0
2736;4892;True;101
3889;4428;True;274
3205;929;False;0
616;1372;True;74
2525;2361;False;0
2298;2046;True;39
1966;4592;False;0
4723;820;True;153
1160;4392;False;0
1777;1985;False;0
1761;2853;False;0
3580;3824;False;0
779;4255;False;0
1363;2148;True;200
1133;4129;False;0
2049;875;True;153
586;3178;True;272
4004;3003;True;115
4012;4074;True;32
1643;3779;True;18
357;767;False;0
1808;4995;True;288
4561;2389;False;0
4236;1259;False;0
3773;3566;True;91
3292;4134;False;0
472;1687;True;99
2395;4734;False;0
1090;265;False;0
4570;3563;True;309
4220;3095;True;194
2706;2445;False;0
3492;3889;False;0
4295;2410;True;9
2337;2808;True;144
2878;4880;False;0
721;3527;False;0
1886;2659;False;0
3956;3121;False;0
841;3491;True;355
3719;3323;False;0
388;2255;True;38
2055;1380;True;133
1634;1155;False;0
4545;2893;True;61
4735;2568;False;0
3930;4097;True;98
4542;3336;False;0
3046;435;False;0
4725;2684;True;63
389;572;True;80
2624;3602;True;71
4532;1829;True;341
4586;586;True;26
1593;1576;False;0
1096;351;True;132
2487;3679;True;177
3724;829;True;23
1785;794;False;0
4381;4844;False;0
2078;13;False;0
181;1346;False;0
4000;1398;False;0
675;1729;False;0
3438;1116;True;63
1740;1274;False;0
4840;165;False;0
2524;3646;False;0
2586;1036;True;355
734;2498;False;0
2989;1300;False;0
3720;4619;False;0
2664;2103;True;137
1110;2573;False;0
4665;1151;False;0
2224;3173;True;268
841;3196;False;0
1395;1524;False;0
1672;340;False;0
773;4320;False;0
800;3671;True;138
4394;4410;True;294
2694;790;True;189
615;3321;False;0
4206;2036;True;272
3341;4069;True;95
3851;2124;False;0
970;3495;True;303
399;72;False;0
3597;1127;True;255
1724;2083;True;273
2669;1859;True;87
2314;58;False;0
1876;2615;True;159
4982;760;False;0
4552;666;False;0
1490;4825;False;0
1255;1520;False;0
3418;3867;False;0
4721;4497;False;0
2972;2981;True;120
1987;4852;True;49
2791;841;True;30
4968;3499;True;333
4115;3879;True;204
1394;2334;False;0
1109;3222;False;0
4221;3780;True;243
1407;3218;False;0
4611;1846;False;0
1178;1675;False;0
2647;3087;True;324
3884;2805;False;0
2158;3658;False;0
4108;2533;False;0
1711;2338;True;347
1126;3121;False;0
384;4551;True;50
2448;842;False;0
3326;4893;True;109
3764;2899;False;0
3119;548;True;81
736;2208;False;0
4045;3491;False;0
434;4337;False;0
3123;1075;False;0
256;1630;False;0
244;2762;True;355
2659;4716;False;0
638;1021;False;0
2629;3292;True;4
4113;2898;True;296
460;697;False;0
392;60;False;0
4112;2902;False;0
1767;1505;True;113
4150;2512;True;108
4551;3132;True;326
2941;4967;True;277
498;4106;True;226
3761;1346;True;165
1249;3842;False;0
3834;4821;False;0
1276;1009;False;0
2897;3814;True;3
731;3799;False;0
3951;3008;True;208
3998;145;False;0
1376;277;True;354
4603;2862;False;0
1640;1668;False;0
298;346;False;0
3832;2158;False;0
3636;1024;False;0
4396;3180;True;133
3016;2375;True;330
391;2003;False;0
51;1518;True;55
4579;4810;True;259
4022;3380;True;89
3572;4889;True;62
227;2918;True;104
814;4098;False;0
407;961;False;0
536;3759;False;0
1606;1603;False;0
403;4492;False;0
4496;945;False;0
2013;900;True;286
2642;176;False;0
3974;4901;False;0
1745;4376;True;21
1811;3339;False;0
2860;458;False;0
4833;1889;True;168
4214;3465;False;0
616;2046;False;0
270;2298;False;0
4499;2103;False;0
3909;4421;True;169
3759;2743;True;175
1527;2417;False;0
1224;747;False;0
1416;3797;False;0
3580;2755;False;0
3774;3736;True;333
3805;77;False;0
3486;1355;True;106
1504;2951;True;21
238;4791;False;0
2190;933;True;97
1405;3528;True;25
2202;4675;True;25
3672;889;False;0
2517;4923;False;0
4327;665;True;238
3135;4976;True;340
1828;2065;True;205
1350;4421;False;0
443;1097;False;0
3193;2423;False;0
4947;4546;False;0
3688;4797;True;297
4088;3434;True;271
3987;1048;True;114
1236;557;True;118
4768;1705;True;154
2287;1896;False;0
3261;1364;True;304
1397;3346;True;224
4667;947;True;159
4208;4809;False;0
957;2672;True;11
2668;2412;True;359
2443;3535;False;0
4598;2408;False;0
953;1708;True;337
4331;2183;False;0
4374;3888;True;329
200;242;True;109
155;3362;False;0
692;1442;False;0
4442;3428;False;0
4834;2622;False;0
3096;2560;True;189
196;3415;False;0
1107;4157;True;132
1829;3350;True;186
4764;2335;False;0
1442;702;False;0
4489;753;False;0
1052;1866;False;0
502;3875;False;0
2300;3867;True;8
1354;1050;True;27
2518;455;False;0
4320;1337;False;0
3133;1459;True;231
1639;3571;False;0
2508;3123;True;226
2984;3308;True;105
4054;3255;False;0
1381;785;True;46
3741;3049;True;132
4322;6;False;0
485;849;False;0
3020;839;False;0
2365;3497;True;318
3904;1954;True;12
2174;295;False;0
4044;3368;True;137
1763;3119;False;0
3169;3772;False;0
3543;632;True;159
3219;4842;False;0
1800;4488;True;274
1881;2703;False;0
4190;2707;True;258
4330;4083;True;281
3931;930;True;215
1316;2759;True;143
3969;386;False;0
1398;3186;True;193
1657;3807;True;102
212;687;False;0
4542;1297;True;34
2153;465;False;0
544;4115;False;0
380;468;False;0
4506;583;False;0
3079;4738;False;0
1747;3057;True;114
603;3851;False;0
2504;1847;False;0
3477;1493;True;331
175;3316;False;0
1872;4878;False;0
3902;2288;False;0
3182;1698;False;0
4271;2329;False;0
1009;3487;True;18
3776;481;True;43
4052;540;True;124
1990;4471;True;65
1107;2039;True;119
2642;2231;False;0
2686;2212;False;0
444;3739;False;0
2785;141;True;261
4037;1137;False;0
4063;3117;True;90
4792;3893;False;0
2447;3964;False;0
4342;828;False;0
1351;3237;True;16
4120;1596;True;218
601;2924;True;136
4945;2219;False;0
2574;4558;True;279
1723;3786;False;0
1319;4065;True;153
4571;3453;True;361
2234;3579;False;0
1151;4499;True;146
215;4731;True;27
3499;3414;False;0
4838;1910;True;136
2544;2996;True;101
963;3381;False;0
2237;4442;True;295
1004;146;False;0
2183;2503;False;0
4713;738;True;359
4794;1524;True;150
4773;2267;True;92
988;853;False;0
1447;840;False;0
842;2289;True;115
477;884;False;0
2927;2952;False;0
699;1266;False;0
1744;813;False;0
459;2644;True;119
3584;642;True;143
135;4834;False;0
1273;3945;True;50
4312;1599;True;9
4391;1178;True;107
344;1219;False;0
2079;850;True;365
2466;455;True;265
2505;2316;True;295
4624;4354;True;310
2535;4578;True;52
4564;500;False;0
1008;679;False;0
3811;1566;True;111
2192;3276;False;0
1974;4081;True;250
3530;4756;False;0
3286;4096;False;0
3501;4643;True;54
809;1346;False;0
1328;2879;True;219
941;19;False;0
1209;1674;False;0
4582;717;False;0
1921;2402;False;0
3181;337;False;0
3978;4597;False;0
1005;3875;False;0
4163;3697;True;13
3609;2554;False;0
2949;2234;True;198
4250;243;False;0
382;2516;True;329
4783;1174;False;0
4859;1438;False;0
3406;239;False;0
1780;3274;False;0
4161;1038;False;0
4808;372;True;19
1169;3829;True;237
4210;2112;False;0
4699;138;True;13
922;2819;False;0
1810;3970;True;249
522;1331;True;344
946;1049;False;0
4056;1413;True;95
1002;2163;False;0
1008;1374;False;0
1033;3821;False;0
3056;513;False;0
4185;4791;True;348
2463;1817;False;0
509;543;False;0
1436;4426;False;0
951;1076;True;207
4913;1834;True;213
550;1506;True;110
4378;1952;False;0
2746;2812;True;259
4655;538;True;315
3666;3580;True;198
2568;853;True;180
3181;244;False;0
1298;2194;False;0
2524;1384;True;224
1652;2750;True;206
1656;2293;True;313
4857;2332;False;0
1414;2733;True;23
2096;3917;True;259
3904;3231;False;0
837;4652;False;0
3380;3645;False;0
1550;3175;False;0
2961;12;True;147
818;1931;True;199
2224;1968;True;48
3129;4396;True;5
4217;4824;True;126
4079;2745;True;183
1117;1241;True;156
4517;2536;True;208
3628;1172;False;0
4356;3980;True;160
3696;4364;True;43
3957;3440;True;130
3657;1113;True;324
3527;1707;True;359
2002;624;True;325
646;333;False;0
1709;2105;True;42
3127;438;True;151
4996;1141;True;255
4590;2891;False;0
1557;2;True;240
1150;4764;True;24
2104;931;False;0
1924;1849;True;238
4188;2901;True;354
1149;2459;False;0
304;724;False;0
729;2563;True;121
4312;4566;False;0
3465;948;True;342
2276;2948;False;0
1664;2876;False;0
4870;4907;False;0
4928;2508;True;185
2618;2342;True;171
2842;1190;True;49
259;217;False;0
867;3737;True;365
1594;2307;True;276
4188;2075;True;347
517;2847;True;322
4976;3472;True;340
4556;1758;False;0
2234;931;True;289
4121;4748;True;340
3384;1397;False;0
399;4157;True;171
3483;2387;False;0
1044;4132;False;0
1291;418;True;135
2204;436;True;276
3887;1695;False;0
883;2767;False;0
1890;4626;False;0
1403;2116;False;0
4837;3301;True;239
1998;3234;False;0
3079;3637;True;164
85;2786;True;287
4609;4828;True;335
2691;4884;False;0
1248;4892;True;94
2214;1743;False;0
4999;4119;True;27
4607;2331;False;0
613;3487;True;104
1738;468;False;0
1990;3620;False;0
3137;926;False;0
4019;630;False;0
1314;3112;False;0
4676;1558;False;0
3934;3913;False;0
637;4917;False;0
4725;4518;False;0
4636;2120;False;0
4555;2215;False;0
1566;1741;True;30
3051;88;False;0
2572;1748;False;0
2360;506;True;339
144;1567;False;0
705;2283;False;0
3971;4747;False;0
706;4747;True;121
4678;2828;True;139
791;4639;True;35
4334;1720;True;269
2367;4848;True;1
2101;25;True;187
4469;2774;False;0
3142;3315;True;23
1061;1181;True;65
1069;4617;True;302
3981;3470;False;0
4361;1994;False;0
4301;1963;True;282
666;1078;False;0
715;424;False;0
2909;4619;True;113
3807;4514;True;145
1306;662;False;0
2005;310;False;0
1931;2905;True;141
4246;1983;False;0
4468;4709;True;231
3407;4617;False;0
485;4204;False;0
1703;1069;False;0
2786;218;False;0
4887;1371;False;0
305;3259;False;0
175;199;True;232
851;676;False;0
3834;1998;True;181
1237;2524;False;0
3428;2332;True;315
842;4359;False;0
489;4290;True;286
3111;1825;False;0
4850;2826;False;0
4043;1737;False;0
507;1754;True;361
4191;3059;True;48
4394;3396;False;0
1949;3356;True;175
573;1175;False;0
2954;1984;False;0
2689;1194;False;0
1992;2648;False;0
3586;4670;True;154
3856;684;True;77
1810;2884;False;0
4052;3810;False;0
2985;1839;False;0
1374;4260;False;0
807;741;False;0
2937;245;False;0
3109;1327;False;0
1147;2800;False;0
1970;2109;True;221
1057;1855;True;162
636;68;True;156
1122;2772;False;0
1923;2374;False;0
383;2296;True;96
4916;4060;True;66
4021;3451;False;0
2942;4590;True;274
2846;2895;False;0
4091;4767;True;97
2605;2009;False;0
263;2841;False;0
1554;4528;False;0
1176;1986;True;75
1299;1747;True;283
3467;4027;False;0
1203;3148;True;79
3067;382;False;0
2718;1635;False;0
1713;754;True;125
2489;2962;False;0
106;1902;True;250
52;890;True;207
3810;2726;False;0
3464;982;True;13
2861;3305;True;128
1675;1724;True;227
1081;2898;False;0
3361;2221;True;258
1857;4974;True;335
3966;4593;False;0
4303;2896;False;0
1827;3506;False;0
2667;3618;False;0
2056;2407;True;237
2046;251;True;155
616;3790;True;63
3838;2691;False;0
2954;4604;True;12
1949;98;True;318
3230;3263;True;97
1809;5;True;226
1848;3502;True;112
1278;2986;False;0
4389;2097;False;0
1546;1427;False;0
351;4741;True;229
293;1867;False;0
2452;132;False;0
1464;3456;True;301
3586;2362;False;0
4335;4200;True;73
3755;313;True;250
4264;4207;True;37
2541;279;True;178
1597;2000;True;101
2245;3009;True;169
4807;2617;True;179
1898;3296;True;220
4778;3344;True;230
3564;2092;False;0
4168;4602;True;327
3407;3852;True;145
1157;377;True;213
2684;4060;False;0
1259;4205;False;0
366;1130;True;359
2873;3094;False;0
4069;1831;False;0
2435;979;True;265
1441;2065;True;168
2383;1872;True;192
735;4088;False;0
3843;4990;True;242
985;1621;False;0
1716;4691;True;153
2485;26;False;0
2104;642;False;0
1701;4744;True;80
67;3342;True;90
585;4096;False;0
1759;1415;False;0
980;951;False;0
3383;3147;True;289
3106;3160;True;315
2277;501;False;0
1406;1113;True;120
1620;2077;True;235
998;2566;True;23
1089;3460;True;191
1781;4133;True;331
318;1053;True;141
8;2233;True;170
4045;1562;True;309
1762;1213;True;247
386;990;True;18
4204;2854;False;0
1694;4652;False;0
2125;3370;False;0
2652;1552;True;203
630;2300;True;301
3848;4738;False;0
4943;1231;True;199
1980;464;False;0
4334;2074;True;215
2784;1326;True;47
2176;3736;True;261
1629;2858;True;157
1909;4219;False;0
4287;1907;True;130
3574;3567;True;240
2706;1059;False;0
4994;2788;True;107
4300;3677;False;0
1022;314;False;0
2746;3284;True;280
3496;4726;True;62
3813;3008;True;189
2031;1587;True;231
4336;1656;True;162
2354;2540;False;0
3524;211;True;197
585;333;False;0
3007;391;True;30
2198;1058;False;0
1634;4490;False;0
3297;3409;True;320
3506;1729;False;0
4495;4303;True;197
2689;831;True;282
509;4487;False;0
2024;1579;False;0
1162;2892;True;285
3321;1930;True;148
741;427;False;0
832;1714;True;141
1716;561;True;133
955;3684;False;0
786;1660;False;0
4970;2716;False;0
1168;1226;False;0
2486;3752;False;0
1910;750;False;0
3261;1554;False;0
2562;4927;True;110
3293;3288;True;138
672;4732;False;0
3514;3022;True;93
1348;4862;False;0
2364;623;True;139
634;2051;False;0
130;393;True;269
518;254;False;0
3608;1090;False;0
2337;3146;False;0
1674;2268;True;193
2070;665;False;0
2790;4162;False;0
1779;1519;False;0
4615;3528;False;0
1431;2371;False;0
1960;4467;True;95
4024;3611;True;303
4863;745;True;217
2528;1882;False;0
4558;4087;False;0
538;2926;True;3
290;2471;True;210
4511;4284;False;0
409;4583;True;172
1601;592;False;0
1367;3072;False;0
3089;3523;True;145
3156;1962;True;288
1462;176;False;0
2824;430;True;321
4476;3090;False;0
4133;314;True;52
341;4677;True;77
978;667;False;0
2672;4207;False;0
2696;382;True;230
870;2441;False;0
3610;1779;False;0
3990;1056;True;239
3305;2321;False;0
2607;1248;False;0
4096;2119;True;277
3481;1470;False;0
1658;2559;False;0
3876;82;False;0
3930;3576;True;53
3544;4875;False;0
1834;887;False;0
3907;4976;True;158
4006;3229;True;163
2532;1838;True;63
3067;612;True;12
3915;2033;True;2
2132;3600;False;0
3436;1246;True;71
4947;26;True;303
1467;4427;False;0
1649;635;True;65
2539;137;False;0
2512;2758;False;0
3762;1708;False;0
892;4078;True;88
1408;3246;False;0
2367;1450;True;13
1919;943;True;255
1013;1905;False;0
1466;1247;False;0
3894;1139;False;0
3431;3270;True;157
1431;4285;False;0
1538;4618;True;184
2083;226;True;325
4148;2462;True;35
3538;3487;True;258
1214;1175;False;0
2263;806;False;0
2154;1723;False;0
3999;3210;True;30
4864;4247;True;111
2064;2334;False;0
1320;3777;True;216
3224;2785;True;166
2729;3251;True;156
4342;2733;True;182
4082;897;True;243
2114;1233;True;73
2162;3293;True;304
2972;4753;True;181
2484;3468;False;0
595;1809;False;0
1423;1881;False;0
4357;960;False;0
4423;4627;True;44
3418;4456;True;216
630;132;False;0
1656;1479;True;163
1003;4870;True;24
904;4041;True;247
4308;660;True;230
744;665;True;94
2851;3452;True;231
1749;2386;True;50
4264;901;True;272
13;1598;True;105
2953;3384;True;68
3639;3542;False;0
3440;2399;False;0
2121;3206;True;304
1385;1307;True;121
2618;4617;True;233
1601;1959;True;124
4413;671;False;0
3214;3288;False;0
4147;3252;True;198
731;3590;False;0
2731;2880;True;301
53;3445;True;139
2790;1506;False;0
1044;2030;False;0
516;4673;True;148
4292;4803;True;128
69;4412;True;103
3479;4073;True;34
3434;1185;True;358
3569;3511;True;186
4839;1138;True;197
3648;4505;True;307
4027;969;False;0
4333;2768;False;0
347;1497;True;249
4851;641;False;0
486;3810;False;0
2648;2396;False;0
1546;3136;False;0
809;1827;False;0
1178;2287;True;249
3698;1230;True;191
1950;3558;False;0
3352;3890;False;0
4825;2914;False;0
143;2004;False;0
1869;1453;True;28
1145;3717;False;0
2645;1227;False;0
1392;1849;False;0
4044;4955;False;0
2258;3316;False;0
4783;3795;True;252
3554;1279;False;0
2755;1244;False;0
4059;3598;False;0
308;3989;True;191
1012;1295;False;0
3981;4410;False;0
3081;2517;False;0
1399;2897;True;235
1833;1196;True;167
3463;1202;True;354
641;3873;True;70
635;2403;True;79
4525;1689;False;0
441;3880;False;0
1027;3449;False;0
4324;3163;True;87
3500;1179;True;190
1573;761;True;228
4198;2209;True;222
2025;973;False;0
870;4801;False;0
2428;2988;False;0
4354;3491;True;287
1297;3362;True;177
912;2963;False;0
1368;2344;True;348
3465;3067;False;0
2801;4894;True;120
4478;4241;False;0
4907;3728;False;0
4528;82;False;0
2146;4353;True;49
1635;1172;False;0
3708;3444;True;90
2177;1946;False;0
2165;4577;False;0
885;782;True;224
2162;1955;False;0
992;1833;True;162
2442;4526;False;0
1464;1732;True;59
3245;2533;True;359
84;4349;True;313
4428;2017;False;0
1021;4055;True;296
1636;4971;False;0
4573;679;True;337
1768;1939;False;0
101;1438;False;0
4811;499;False;0
4409;4315;False;0
4457;3464;True;314
4869;4570;False;0
1984;2768;False;0
2917;2563;True;143
608;1703;False;0
4868;441;False;0
1964;1516;True;313
473;3257;False;0
1556;327;True;154
3476;2226;False;0
231;4148;True;238
220;2847;True;232
3344;4830;True;326
2371;3635;False;0
2788;3233;True;310
1529;3757;True;87
1024;11;False;0
2600;629;False;0
111;3545;False;0
4552;1797;True;185
458;3686;True;83
4557;2741;False;0
4687;3655;True;1
4772;2163;False;0
3887;3678;False;0
3463;246;True;135
2033;164;False;0
767;3221;True;295
400;1473;False;0
924;4406;True;129
3025;2228;True;125
3680;2470;False;0
1976;3813;False;0
3885;2451;True;198
196;2343;False;0
82;885;True;94
272;1580;True;176
3082;3840;True;33
530;4767;True;175
2724;4211;False;0
2832;1329;False;0
2082;4496;True;129
909;1322;False;0
4379;432;True;354
3946;4351;False;0
4833;1798;True;198
309;1652;True;18
2037;2137;False;0
2375;308;True;115
352;3556;False;0
2907;2870;False;0
983;4449;False;0
3864;2576;True;289
1605;282;True;234
2511;2917;True;114
4788;4289;False;0
3147;3276;False;0
1532;2985;True;364
489;3612;True;261
1517;4575;True;62
2548;4522;True;223
2256;4027;False;0
2258;1640;True;105
2465;3391;False;0
1772;4207;False;0
4238;1125;False;0
4389;2609;True;171
4090;3139;True;356
2111;2729;True;97
4234;3824;True;18
458;3718;True;132
3164;1376;True;293
4193;1511;False;0
2779;2558;True;365
4856;2112;False;0
94;2832;False;0
2103;59;False;0
3066;933;False;0
484;3147;True;337
2771;877;True;118
1279;4096;True;322
4168;3015;False;0
3472;1755;False;0
2229;2713;False;0
3808;2959;False;0
3463;297;False;0
3000;1619;True;136
1849;1696;False;0
3188;2814;True;277
1382;1721;True;170
4407;3715;True;296
4141;3731;True;220
3637;2191;True;98
3965;3665;True;228
4527;4767;True;141
4529;2487;True;166
253;673;False;0
558;3778;False;0
2808;2712;True;234
1703;2951;True;287
4021;4764;False;0
998;1938;False;0
430;1770;False;0
1248;3320;True;320
1932;1214;False;0
4876;4425;False;0
264;2867;False;0
962;3787;True;138
1060;1011;False;0
3969;189;True;18
522;1466;False;0
3218;2764;True;149
1422;207;True;27
4396;3953;True;120
523;2346;True;295
2045;4631;False;0
4840;1967;True;197
1919;3119;False;0
3318;2124;False;0
914;4843;True;56
3017;1756;True;259
835;273;True;270
1589;848;False;0
356;3456;True;326
2954;430;True;134
4156;1284;False;0
3716;272;False;0
1070;1001;False;0
2126;1837;False;0
4864;3307;True;205
4378;960;False;0
2672;3080;True;195
49;669;False;0
1323;3108;True;300
4582;1483;False;0
2034;4514;False;0
987;3484;False;0
1985;3776;False;0
4506;3470;True;190
1956;2770;True;113
2968;1175;False;0
479;2206;True;265
4251;2395;True;121
2618;2565;False;0
1647;2310;True;139
2581;539;True;47
4393;4892;False;0
2109;802;False;0
4668;3724;False;0
3953;596;False;0
740;4514;True;149
4944;1902;True;51
4935;2318;False;0
2325;3526;False;0
1329;1697;False;0
111;4818;False;0
919;2470;True;101
2532;4197;False;0
1984;1745;True;221
2994;164;False;0
987;4265;False;0
4954;957;False;0
2223;4068;True;205
1736;2289;False;0
1726;1400;False;0
1904;937;False;0
1523;4355;True;235
3700;881;False;0
4755;2513;True;235
1020;2659;True;240
1873;3069;True;248
2002;407;False;0
4252;1943;False;0
3608;1974;True;307
2128;3649;False;0
1454;3011;True;243
986;2445;False;0
967;2740;True;293
2908;4742;True;156
3700;1274;False;0
1463;513;False;0
4797;3603;True;253
4825;4287;True;240
2035;320;False;0
71;706;True;146
4649;2743;False;0
3550;928;True;274
15;3585;False;0
4837;2200;True;340
2271;2204;False;0
1198;1843;True;200
4976;2712;True;25
1480;152;False;0
3218;1655;False;0
4786;2872;True;191
3546;4167;True;365
4224;3124;False;0
4165;1361;False;0
2471;3749;True;203
4338;470;True;123
4150;1004;False;0
1335;2452;False;0
2792;4752;False;0
3585;1208;False;0
226;9;False;0
3701;3220;False;0
709;3537;False;0
3285;4175;False;0
4952;3452;False;0
584;2454;False;0
2351;2016;True;144
2588;2029;False;0
2405;3571;False;0
939;4581;True;118
3795;903;True;30
98;3746;True;360
3245;1546;True;144
352;2709;True;147
11;4743;True;107
1005;928;False;0
160;1998;True;144
4286;1274;True;50
4036;326;False;0
1473;3053;False;0
2566;2471;False;0
3101;4918;False;0
1477;1004;False;0
1372;2160;False;0
309;4189;False;0
3774;912;True;110
4310;1619;True;33
1408;4171;False;0
3111;1194;True;228
2390;1695;False;0
155;4618;False;0
4704;3736;True;163
2042;3068;False;0
4523;37;True;282
3784;1541;True;322
1866;2713;False;0
4185;4307;False;0
4558;1504;True;297
1579;2374;True;269
3569;1537;False;0
126;1806;False;0
142;2362;True;141
1794;2727;True;287
761;2569;False;0
3206;4842;True;124
2366;3180;True;141
4720;229;True;204
2177;2606;True;6
3427;3902;False;0
701;2685;True;361
1737;2236;False;0
350;1465;False;0
2558;1553;True;311
3425;1940;True;95
2550;4901;True;250
2636;147;False;0
81;4407;False;0
719;1969;True;276
2056;2507;True;231
3827;770;True;85
3883;770;True;250
1344;108;True;362
3401;3985;True;238
2729;1987;False;0
600;3324;True;98
2605;4768;False;0
1491;4460;False;0
3504;1127;False;0
4475;896;True;168
1868;3738;True;115
4558;1946;True;2
2266;569;True;303
112;221;False;0
1249;2029;False;0
3056;2417;False;0
4403;2838;True;355
1407;2227;False;0
2339;2166;False;0
4874;529;True;115
912;2627;False;0
263;1677;True;145
1024;4638;True;272
2460;4249;True;217
4800;4132;True;340
1958;3696;False;0
4376;490;False;0
2575;4641;False;0
1295;1477;True;307
2781;3662;False;0
4698;1315;False;0
1601;1427;False;0
4175;435;True;200
2119;3328;True;291
1940;1700;True;220
3394;4445;False;0
1285;893;True;232
3119;3472;False;0
306;450;True;293
295;2221;False;0
1584;4557;True;226
1861;1495;True;18
3923;2268;True;219
3067;327;False;0
3618;3502;True;266
1652;4963;False;0
911;23;True;302
1175;1090;True;353
3650;3038;False;0
2779;4075;False;0
4257;3424;True;29
2438;1497;True;330
977;551;False;0
3418;4104;True;187
4245;2556;True;60
4165;2635;False;0
331;4697;False;0
3591;1937;False;0
4745;4468;True;274
1994;2348;True;284
4465;488;True;19
2248;3577;True;37
1535;1489;False;0
3546;1200;True;77
1995;4870;False;0
3467;2489;False;0
3349;3910;False;0
288;3604;True;57
3052;3221;True;242
2367;4035;True;1
875;375;False;0
202;3222;False;0
906;1042;False;0
1112;2843;True;327
1244;1633;False;0
2470;374;False;0
2319;2537;True;133
1178;3755;True;107
3940;1052;True;196
3026;428;True;55
3012;1382;False;0
3476;4930;True;4
4356;4375;False;0
424;492;False;0
260;1335;True;251
2289;2923;True;207
966;4673;False;0
3982;1985;False;0
4163;2447;False;0
698;761;False;0
1622;1675;False;0
4123;2647;True;33
1568;4729;True;347
1129;4491;False;0
2444;1998;True;293
386;1956;False;0
3308;4520;True;97
3176;4578;False;0
3686;1172;True;140
3140;1493;True;71
374;264;True;191
3457;4112;True;102
3568;3534;False;0
4795;1461;False;0
3737;1061;True;353
1489;189;True;41
1843;2733;False;0
1777;4027;False;0
4575;3007;True;157
3415;2609;False;0
946;816;True;24
32;237;False;0
2707;2561;False;0
85;4104;False;0
384;1100;True;80
3786;250;True;136
4640;3672;True;62
412;4429;True;71
2910;622;False;0
3010;1047;True;194
2742;1491;False;0
4863;3956;False;0
923;3772;True;241
2702;1906;True;110
802;3942;False;0
1562;3677;False;0
3210;4617;False;0
2241;4202;True;294
3377;3318;False;0
4526;1833;True;96
2059;1240;True;190
3591;3808;False;0
3027;565;False;0
1160;433;True;46
2196;4928;True;148
3970;998;True;44
813;2402;False;0
3689;982;True;252
264;3674;True;233
4011;252;False;0
4801;3072;False;0
2527;2820;True;281
2625;4681;True;160
2546;4249;True;137
3762;3156;False;0
3422;3703;True;153
3931;1267;False;0
3114;1299;True;200
4911;3609;False;0
4247;2712;True;33
2968;3434;True;310
321;1531;True;322
3120;1613;True;17
1900;3373;True;67
1984;4621;True;69
58;4101;False;0
2372;2726;False;0
2426;2429;False;0
1823;3931;False;0
157;3244;True;180
505;916;True;308
2667;4320;False;0
528;47;True;321
2956;3345;False;0
1179;1358;False;0
3497;4815;True;16
1174;596;False;0
688;4735;True;165
3824;111;True;172
4945;2387;True;210
2413;850;False;0
227;88;False;0
4312;4226;False;0
2597;390;False;0
4690;879;True;360
2622;3617;True;99
3148;805;False;0
2921;4545;False;0
196;73;False;0
36;2263;True;126
1398;1729;True;342
1464;2352;True;9
3490;15;False;0
1698;4568;False;0
4196;1095;True;176
2147;1808;False;0
3305;4188;False;0
3929;4422;True;50
3450;2288;True;341
2809;1017;True;269
3760;4079;False;0
3495;4902;True;166
3736;3922;True;79
3332;2246;False;0
1875;4406;False;0
2380;882;True;259
3923;2652;True;268
2571;4933;True;352
4594;3635;True;248
690;600;False;0
4305;1185;True;294
4856;2366;True;218
2961;3845;True;40
1403;565;False;0
1585;285;True;276
4870;1403;False;0
3550;2145;True;188
4221;962;False;0
24;3341;False;0
2177;4256;False;0
880;1882;False;0
846;250;True;35
2946;4739;False;0
2137;3977;True;14
1579;562;False;0
2969;2266;True;287
3758;789;False;0
1670;3619;True;342
3130;720;True;106
1121;4075;True;270
3327;4874;False;0
312;1759;False;0
2003;2722;False;0
4487;2103;False;0
3869;1126;False;0
440;1580;False;0
1694;2471;False;0
3054;3261;True;242
2376;1849;True;160
1794;57;True;308
4132;4360;True;156
233;2086;False;0
4752;349;False;0
4740;441;True;327
3680;3907;False;0
3428;284;True;292
4299;873;False;0
4688;3251;False;0
3180;12;True;21
4115;3446;True;131
320;4518;True;347
3509;4841;True;347
3533;3774;False;0
4499;2728;False;0
2233;4805;False;0
3568;1237;True;134
2663;2655;True;65
3371;2183;True;58
1856;330;True;243
2034;968;False;0
1949;1385;False;0
4883;2365;True;312
3343;316;False;0
1142;1840;True;268
311;3985;False;0
4720;2251;True;143
2539;320;False;0
1463;452;True;56
3413;313;False;0
4115;1896;True;95
2068;3633;False;0
887;389;False;0
2296;1052;True;94
3970;3472;True;276
3898;4597;True;104
2844;753;False;0
1612;3774;False;0
1087;404;True;220
3210;2500;False;0
1661;465;False;0
1691;3902;False;0
1804;4786;False;0
3666;4148;False;0
2086;1629;False;0
3396;2562;False;0
558;3216;True;7
2428;3925;True;332
1243;2784;False;0
3035;4027;True;14
4969;2696;True;65
4115;3912;True;338
1816;1545;False;0
1507;3731;False;0
3434;727;True;270
1050;509;True;333
4281;70;True;337
2782;3344;True;223
2861;3456;True;229
4424;4996;True;286
2650;4703;False;0
2700;3705;True;58
192;3244;False;0
4015;2426;False;0
4106;3637;True;152
4878;4792;False;0
4162;1082;True;199
264;1512;False;0
1455;549;False;0
4839;2589;False;0
623;2828;False;0
2487;4490;True;102
1949;1657;False;0
2685;219;False;0
1524;2693;True;203
494;3009;True;155
3102;3624;True;67
1329;1043;False;0
2954;3700;False;0
2867;4152;False;0
4898;3880;False;0
3739;4855;True;139
3352;3184;True;190
407;1471;True;25
3252;3292;True;286
4084;2552;True;364
4657;183;False;0
1565;1114;False;0
2059;3300;True;143
4164;2169;True;262
4756;847;True;297
4021;1136;False;0
958;4774;True;49
673;2832;True;81
2771;474;True;184
1084;1365;False;0
3042;1932;False;0
4059;2969;False;0
2049;688;False;0
3854;2211;False;0
2804;3232;False;0
738;4055;False;0
3085;748;True;315
2077;3157;True;223
325;1426;True;201
232;2841;True;126
1948;2413;False;0
4122;824;True;255
755;457;True;336
3393;1054;False;0
249;3072;False;0
571;1427;True;56
237;3048;True;221
532;3301;True;226
951;3412;True;7
308;1270;True;265
44;506;False;0
3930;720;False;0
1303;4844;True;314
3276;1377;False;0
2120;3788;False;0
4131;4375;False;0
156;4634;True;9
2224;4316;False;0
3750;4556;True;182
3473;230;True;73
2316;796;True;323
2735;2202;True;201
2583;3672;False;0
3785;4298;True;276
1579;2326;True;73
4630;4894;True;207
870;3741;True;157
4051;4834;False;0
4017;2547;True;309
2806;3018;True;166
3389;4472;True;302
4315;3240;True;124
1194;3952;False;0
4954;3855;True;182
3444;3528;False;0
2845;3102;False;0
1637;3838;True;241
1365;324;True;174
4904;4090;True;216
1371;4494;False;0
3805;3460;False;0
3407;3593;False;0
2188;3712;False;0
1534;1746;False;0
3853;1041;True;33
4473;2719;True;265
2987;4542;False;0
2752;4535;False;0
2788;1102;False;0
2318;1655;True;116
1091;11;True;44
4149;1216;False;0
3573;2400;False;0
1096;4081;True;160
1131;4625;False;0
2917;1089;False;0
43;4094;False;0
654;3512;True;248
2306;249;False;0
1584;1449;True;217
2318;2269;True;251
3915;1799;True;228
3651;724;False;0
3900;3003;False;0
3005;1158;True;63
568;2966;False;0
2361;1618;False;0
630;4980;True;94
333;3511;False;0
3325;3383;True;156
3848;787;False;0
3320;3491;True;159
4913;4292;False;0
3963;1166;False;0
735;4374;False;0
3055;1174;False;0
2279;3851;False;0
552;222;True;301
4381;3893;False;0
4990;1473;True;56
4907;4973;True;250
4378;4447;False;0
3630;1540;False;0
407;3560;True;305
2532;3142;True;256
2006;1450;False;0
3864;279;False;0
3022;72;True;277
976;4596;False;0
4913;3833;True;234
185;829;True;84
3405;2031;False;0
2510;2147;True;292
2428;1008;True;301
4311;729;True;175
2720;1580;True;250
985;1429;True;109
3882;1170;False;0
4316;1920;False;0
50;3454;False;0
4378;3592;False;0
3552;3711;False;0
4231;858;True;364
1035;1982;True;120
4881;333;False;0
2558;3623;False;0
4217;2650;False;0
3693;3243;False;0
2292;2279;False;0
3212;2464;True;55
3652;1117;False;0
3837;2676;True;249
2294;2751;False;0
2384;339;True;286
1657;1382;False;0
1121;4601;False;0
854;1156;False;0
51;2442;False;0
4806;748;True;35
1719;110;False;0
4554;1365;False;0
3221;4012;False;0
4288;3385;False;0
2280;2573;False;0
3108;4952;True;153
4257;628;True;297
2936;4715;True;363
4706;3068;False;0
1374;1955;False;0
4108;1963;False;0
4686;225;True;82
545;33;False;0
4831;2090;True;205
3178;2966;True;300
3936;4063;False;0
2835;4009;False;0
248;3156;False;0
2343;1407;True;231
449;2850;True;155
2175;1820;True;163
3617;2864;False;0
2157;4340;True;264
4156;3974;False;0
774;3178;True;325
2267;2411;False;0
3539;1478;True;76
4831;4553;True;93
2572;742;False;0
395;853;True;89
2180;2957;True;303
439;4011;True;303
4490;803;False;0
3659;4898;False;0
1033;4183;True;64
4576;4064;False;0
1789;400;True;33
1761;2574;False;0
4427;4579;True;358
914;2445;True;289
672;4388;True;311
1694;3109;True;45
2076;2076;True;204
3712;2123;False;0
1681;383;True;254
1287;2323;True;7
1914;1149;False;0
1359;3918;False;0
4267;885;False;0
3122;3505;False;0
4156;3514;False;0
3589;209;True;49
3377;4105;True;254
4658;3536;False;0
2031;482;True;212
1408;2115;True;202
1260;2535;False;0
2685;2041;False;0
788;3021;False;0
1361;304;False;0
4036;1276;True;227
2361;2146;False;0
3009;4653;True;47
194;2853;True;184
400;41;True;321
3471;1124;True;285
3649;4048;True;114
561;1695;False;0
211;3585;False;0
2584;3633;False;0
1779;904;True;300
4415;200;False;0
2473;2174;True;44
4952;2411;True;279
718;2216;True;181
4365;607;True;140
4120;2000;False;0
447;3160;True;124
3540;1599;False;0
883;164;False;0
2462;2035;True;16
828;591;False;0
1146;4813;False;0
1787;4440;False;0
2281;2592;True;124
1138;4155;True;184
2386;3004;False;0
169;2356;False;0
3824;3017;True;65
3328;2969;False;0
2519;2690;True;58
3088;576;False;0
107;3861;False;0
4268;986;False;0
998;3576;False;0
1561;1082;True;154
3694;460;False;0
4804;1068;False;0
3817;2314;False;0
4516;1030;False;0
1330;138;True;123
3083;2834;False;0
4311;1410;True;34
3107;325;True;241
1372;1008;False;0
4812;267;False;0
3290;2258;False;0
2492;4963;False;0
4244;650;True;228
203;3116;False;0
582;3912;True;142
378;4791;False;0
4487;2069;False;0
2721;4427;False;0
3475;4630;False;0
760;4021;False;0
3593;1703;True;361
2986;576;False;0
4102;1341;False;0
4451;755;True;150
1804;955;False;0
3197;2576;False;0
4229;3983;False;0
1331;234;True;203
1187;2170;False;0
1866;1765;False;0
2002;1969;True;286
8;891;False;0
94;4150;False;0
3635;1403;True;36
4035;1258;True;262
3330;3781;True;51
613;3452;False;0
1176;4340;False;0
2426;2668;True;8
3587;1019;False;0
1716;2369;False;0
1386;1219;True;284
2382;1000;False;0
3998;54;True;149
1930;1140;False;0
3705;2921;False;0
36;4169;True;207
4635;1884;True;178
4746;2002;True;76
1169;1553;True;55
3012;3974;False;0
3560;736;True;342
437;213;True;264
2864;3728;False;0
1752;2812;False;0
4660;957;False;0
466;1383;True;131
400;103;False;0
4503;3623;True;144
4214;1362;True;60
3964;446;False;0
4422;2286;False;0
3298;3713;False;0
4300;4719;True;166
241;552;False;0
278;2483;True;74
3615;4365;False;0
1332;2223;False;0
1218;3514;True;41
1286;1640;True;101
3752;2216;False;0
2340;2223;False;0
1702;4940;True;160
342;937;True;54
2344;3385;False;0
2347;3284;True;199
1245;223;False;0
1388;3471;False;0
1365;2379;False;0
4001;329;True;109
2254;2797;False;0
1515;375;True;42
2194;2196;True;353
1522;4213;False;0
2454;4252;False;0
4094;1033;False;0
3450;1541;False;0
3390;1856;False;0
4483;476;False;0
3731;337;False;0
2170;1634;True;356
351;1318;False;0
3297;2278;True;220
3971;437;False;0
1254;4628;False;0
927;3290;False;0
4527;2920;True;349
1042;4855;False;0
4507;3837;False;0
1382;1670;True;228
3297;4606;True;120
3119;3965;True;126
2029;4348;True;115
383;3027;True;149
2464;4062;False;0
4229;3222;True;309
4932;52;False;0
4801;4568;True;234
249;839;False;0
3770;3463;True;305
349;4426;True;90
3302;3511;True;326
4248;3147;True;201
2665;743;False;0
4983;678;True;203
2977;3440;True;214
3910;3088;True;66
3964;2987;True;12
4801;571;False;0
4686;2117;False;0
2717;311;False;0
347;4913;True;256
502;91;True;96
142;1882;False;0
2001;1597;True;283
3108;1239;False;0
3396;3126;False;0
4109;3246;False;0
1361;1915;False;0
2191;3761;True;116
3673;4012;False;0
3741;1349;False;0
4481;185;True;329
3163;3907;False;0
2448;134;False;0
3197;3436;False;0
4561;231;False;0
2255;531;False;0
4781;1429;False;0
2673;85;False;0
228;3190;True;95
4555;1755;False;0
2312;833;True;17
333;406;True;47
983;1869;True;216
1816;3579;False;0
3075;4056;False;0
3390;3320;False;0
2926;2360;False;0
1590;4637;True;161
1550;424;True;39
385;2481;False;0
4956;2636;True;198
2505;2074;False;0
2595;2120;False;0
4902;4033;False;0
4038;876;False;0
1016;1123;False;0
3796;4510;False;0
2283;2901;True;326
134;2328;False;0
284;3829;True;8
3110;3168;False;0
3876;3895;False;0
3416;2387;False;0
2704;1563;False;0
4108;4354;False;0
2940;1041;False;0
2553;3795;True;363
2785;3676;False;0
1901;2744;True;155
709;3135;False;0
1701;2798;True;195
1515;2223;False;0
3434;2822;True;293
2341;289;True;118
2753;1097;False;0
4373;4922;True;178
2787;3971;True;69
4099;4401;False;0
2533;2554;True;64
3617;4277;False;0
4482;1914;False;0
2048;1024;False;0
2019;387;True;248
64;1251;True;329
913;3043;True;221
1288;2310;False;0
3266;3842;False;0
613;1528;False;0
3262;1390;False;0
2663;3115;True;193
59;3193;True;105
190;4181;False;0
359;1945;False;0
2911;1079;False;0
3506;159;False;0
198;3401;False;0
4492;4277;False;0
4594;1824;False;0
3833;2942;True;39
2174;1878;True;357
3423;4950;False;0
1909;2508;False;0
1967;3136;False;0
4712;1331;True;38
2018;4116;False;0
2647;4320;False;0
4837;1869;False;0
3665;173;False;0
4913;1176;True;290
87;3402;False;0
1265;2231;False;0
1932;4635;True;362
4716;1113;False;0
2073;2392;False;0
1730;2444;True;225
3855;3656;False;0
1366;412;False;0
4837;3874;False;0
3390;2603;True;19
2589;2931;True;339
354;2219;False;0
1130;2320;False;0
223;4330;False;0
3120;3429;False;0
760;4553;False;0
2028;3684;False;0
613;3827;True;3
3118;3884;False;0
1098;2101;False;0
2886;1594;False;0
324;1903;True;44
3153;1971;False;0
3777;4937;True;44
3447;1326;True;219
2034;4927;False;0
2732;3329;False;0
3401;3084;False;0
4480;3760;False;0
1372;3957;False;0
2156;3831;True;48
1568;1413;True;244
4954;2330;True;125
2800;962;False;0
1533;1955;False;0
2465;3543;True;43
3043;952;True;11
482;597;False;0
1892;2222;False;0
1160;2868;False;0
4809;4122;True;129
40;2581;False;0
4293;3959;False;0
1515;3611;False;0
135;3304;False;0
3538;1320;True;149
2364;700;True;193
2639;1282;True;307
119;616;True;161
1512;2114;True;190
2893;2129;False;0
4958;2840;False;0
3255;3299;True;136
4741;2504;False;0
232;931;False;0
1821;1377;True;251
3255;1931;True;175
273;646;False;0
2298;1848;False;0
4463;1961;False;0
22;933;True;344
4403;2454;False;0
564;1001;True;245
178;1862;False;0
3478;4338;True;107
1885;44;True;277
1724;1023;False;0
4680;3287;True;7
2406;676;True;204
4825;972;True;122
3355;3891;False;0
3115;3253;False;0
1600;4520;True;203
2006;4753;True;166
4670;23;False;0
4863;1104;True;137
3447;2281;False;0
3114;11;True;72
2192;1900;False;0
10;652;True;71
321;1022;True;126
2146;2195;True;199
4986;3295;True;172
1212;219;False;0
38;1868;True;165
3567;3007;True;132
2459;4281;True;70
1167;4435;False;0
2610;1763;False;0
1172;3327;False;0
1297;3622;True;284
140;1157;False;0
3518;484;True;129
2312;3965;False;0
3374;2804;True;179
4292;3637;False;0
2000;1627;False;0
142;1231;True;288
3717;3580;True;41
190;1695;False;0
1936;55;True;179
3177;1702;False;0
4650;3620;False;0
425;2964;True;212
2310;289;True;177
1450;4125;True;42
31;2736;False;0
1394;2360;False;0
4227;2740;False;0
1332;3495;False;0
169;2006;False;0
1086;4251;False;0
4633;1064;False;0
681;4860;True;147
3049;3864;False;0
3025;4459;False;0
3714;4303;False;0
4576;1301;False;0
860;4591;False;0
2287;3164;True;90
1811;1434;False;0
4686;2133;True;302
1636;4176;True;144
4497;3356;False;0
1221;3988;True;78
3357;1392;False;0
273;2215;True;83
2992;4153;False;0
4626;1498;False;0
4903;3546;False;0
671;2383;False;0
1321;2172;False;0
2225;934;True;4
2417;1349;True;50
1643;4018;True;205
316;3437;False;0
3640;4433;False;0
4603;2707;False;0
2242;3780;False;0
1425;239;True;365
2015;1484;True;276
1194;1780;True;335
3554;174;False;0
2870;1484;True;207
3761;2795;True;140
320;4177;False;0
1873;3551;True;85
3209;1213;True;305
3032;4424;True;201
1458;4349;False;0
3678;1691;True;113
4110;568;True;206
2315;3616;True;13
3120;4502;True;357
2304;1172;False;0
3101;3214;True;270
987;2991;True;355
1177;2821;False;0
2412;4484;True;122
3665;3382;True;252
983;1641;False;0
2469;4655;False;0
2503;2059;True;234
1237;2897;False;0
1328;1738;True;192
1927;2132;True;66
3386;997;True;16
1137;3084;True;338
3814;3381;False;0
1450;1098;False;0
1832;3733;True;9
3370;232;True;17
4919;693;False;0
4652;547;False;0
147;684;True;311
4331;931;False;0
2392;4494;False;0
383;913;True;49
2102;2915;True;152
4816;4534;False;0
3360;425;False;0
1895;3191;True;299
4277;2263;False;0
4448;574;True;241
1422;3384;True;304
2270;3514;False;0
3188;660;False;0
4153;2784;True;98
3559;311;True;282
752;389;True;337
3371;1535;True;63
4305;3952;False;0
1962;3240;False;0
2877;348;False;0
2594;3341;True;196
1461;926;True;33
4529;1738;False;0
922;2193;True;137
3401;3436;True;28
2729;716;False;0
1282;4880;True;31
1728;4771;False;0
4518;4308;False;0
1074;2696;False;0
1941;732;True;272
252;741;False;0
3025;4255;False;0
4256;2652;True;236
591;2033;True;215
3190;1952;True;217
3655;3303;True;112
1616;2646;False;0
4770;355;True;346
3294;1177;False;0
3227;1129;False;0
70;2885;True;107
3807;707;True;160
1011;1473;True;49
1233;3476;True;121
3385;3153;True;287
3903;2548;True;17
4434;3777;True;136
3169;4099;True;89
1571;1655;True;230
15;4881;False;0
502;1551;True;180
1257;1455;True;358
2828;4107;True;138
4287;4228;False;0
1147;597;True;107
4286;3803;True;142
2806;2112;False;0
1234;3455;True;190
4553;230;True;245
2740;4292;False;0
1419;1082;False;0
3940;3993;False;0
2153;1977;False;0
751;4276;True;9
4277;2154;False;0
736;4221;True;115
2709;2544;False;0
2749;1258;True;221
2385;269;False;0
1828;3696;False;0
3308;2199;False;0
480;3588;False;0
2640;2594;True;339
2521;1771;True;222
652;3767;False;0
3726;3564;True;9
513;1918;False;0
3478;4453;False;0
3095;1038;True;187
511;3086;False;0
1275;1717;True;232
1191;1237;False;0
839;2701;False;0
3228;46;False;0
2824;1432;False;0
2956;1787;False;0
4217;527;True;335
4517;2891;False;0
4407;826;True;161
95;3229;True;346
4053;1705;True;170
3180;1322;True;49
1414;1379;True;79
76;4414;True;95
1921;1543;False;0
3600;3747;True;136
1966;4100;False;0
471;1435;False;0
521;3811;False;0
4122;3094;False;0
4339;4666;True;190
256;2927;False;0
2655;4112;False;0
4874;2001;True;85
188;228;False;0
4565;4984;True;7
1949;3318;False;0
1637;297;True;192
2371;3261;False;0
279;618;False;0
4801;424;False;0
1545;4371;False;0
2133;3100;True;40
3568;1754;True;89
4181;3414;False;0
807;3842;False;0
3904;41;True;187
976;4153;True;328
1625;2188;False;0
3480;1734;False;0
1896;2231;True;362
3585;4877;True;360
2613;803;True;262
221;4245;True;13
3507;4547;True;255
17;2407;True;144
840;374;True;174
3238;4749;False;0
3572;3165;False;0
617;4594;False;0
2628;1260;True;224
3878;3565;False;0
3819;2933;False;0
4885;2754;True;207
705;3191;True;311
1484;4644;False;0
4465;458;False;0
1834;1277;True;89
1945;1469;False;0
2341;3287;False;0
1230;3650;False;0
2182;771;False;0
4034;4459;False;0
2062;3242;True;269
2045;2312;False;0
1528;2257;False;0
924;221;True;152
2052;1608;True;173
4985;882;False;0
1969;1100;False;0
2436;4775;False;0
3636;4487;False;0
2866;2866;True;266
2027;3569;True;1
1254;3510;True;47
7;3584;False;0
639;3690;True;23
4243;2187;False;0
2309;4835;False;0
3080;1785;True;34
4480;983;True;106
2039;4007;False;0
3849;2237;True;190
1502;2849;True;127
774;4530;True;173
735;3037;True;339
2200;1561;True;288
4932;449;True;330
3601;4186;True;260
48;4632;False;0
122;1940;False;0
1824;2281;True;180
4227;2940;True;57
2781;4352;True;200
3558;2423;False;0
803;76;False;0
4210;1399;True;225
3070;2722;False;0
3631;1998;False;0
1657;3123;True;5
4441;4511;False;0
655;414;False;0
4991;1959;False;0
4122;4201;True;232
745;3330;False;0
3523;2731;False;0
4471;1498;False;0
684;3308;False;0
2862;896;True;251
3754;4734;False;0
1913;2977;True;339
4380;1459;False;0
4773;2904;False;0
4218;3652;False;0
4754;1876;False;0
3043;1590;False;0
2101;3821;False;0
814;283;False;0
1544;602;True;304
3716;1369;False;0
4091;913;False;0
3327;2661;False;0
3713;3452;True;144
2288;2336;False;0
3263;858;False;0
4421;2929;False;0
1795;2498;False;0
3400;754;True;25
3912;3318;True;154
4689;4303;False;0
4267;493;False;0
2244;2842;True;234
4420;3185;True;13
1017;885;True;176
4260;1721;False;0
3219;1874;True;245
1950;4188;False;0
3812;3016;False;0
475;1512;False;0
2248;1221;True;204
514;4107;True;237
1846;1873;True;184
1308;2479;True;33
1112;2149;False;0
1395;3482;False;0
3183;3729;True;345
580;3581;False;0
2144;4594;True;264
3796;2025;False;0
2587;2230;False;0
4184;674;False;0
1596;1981;False;0
4613;144;True;290
4196;2565;False;0
3346;3576;False;0
2399;1063;False;0
3639;4660;False;0
3589;417;True;299
4340;1812;False;0
623;3732;False;0
1773;299;False;0
3513;1276;True;23
688;4063;False;0
2227;1601;True;134
250;2955;True;175
2749;4074;True;225
4519;4961;True;172
1110;4340;False;0
2163;891;False;0
4092;879;True;9
1658;4692;False;0
4700;1463;False;0
1973;4933;True;252
3816;3385;True;237
1382;2442;False;0
3320;3648;True;250
4488;941;False;0
178;168;True;233
612;1166;False;0
2901;1676;True;207
2940;4047;True;121
4792;3141;True;164
3146;4637;False;0
3212;823;False;0
3275;3816;False;0
1456;3338;False;0
500;4484;False;0
4134;1699;True;136
3981;3280;True;1
2404;2314;False;0
430;3959;False;0
4373;2643;False;0
2165;646;False;0
98;4160;True;180
1269;3397;False;0
1566;4529;True;165
562;4121;False;0
1871;2858;False;0
1665;468;True;157
3953;177;True;310
4451;3444;True;172
4061;3412;True;285
4131;620;False;0
3367;3371;False;0
2745;1027;True;249
4367;3754;False;0
570;3793;True;214
746;498;False;0
2214;3234;False;0
1422;337;True;359
969;2845;False;0
3731;3801;False;0
230;258;True;199
3317;1808;False;0
2471;4872;True;90
4222;1283;False;0
372;4877;True;144
3338;887;False;0
281;3487;False;0
3060;4877;True;185
2862;1076;False;0
1308;1678;False;0
1835;3124;True;157
1565;2426;False;0
462;1454;False;0
1235;4747;False;0
3946;4800;True;316
4197;2491;True;26
2435;1811;True;46
4170;2401;True;364
3395;4574;False;0
2306;2471;False;0
1668;2197;False;0
4204;9;True;283
4351;2129;False;0
140;3807;False;0
957;3834;True;55
2086;4307;False;0
2588;4280;True;264
4943;1054;False;0
3127;2893;True;194
569;4200;True;68
2633;2375;False;0
3495;3216;False;0
1977;3397;False;0
1968;33;False;0
4615;1765;True;131
1018;381;True;251
2430;3569;True;150
3040;1166;True;129
1100;3205;True;264
2376;4274;True;177
1139;4251;True;134
4674;4086;False;0
1303;3860;False;0
3031;1544;False;0
712;1256;True;91
4305;2296;False;0
3082;603;True;4
4782;2131;False;0
180;1108;False;0
1338;1563;True;10
4299;87;False;0
1712;463;True;59
3689;3909;True;231
3857;2665;True;293
581;2320;True;227
1398;4342;True;222
4638;1795;False;0
4150;4053;True;216
4335;2543;False;0
3303;4152;False;0
402;3980;False;0
2620;2115;False;0
4209;1102;True;26
4085;2965;False;0
2235;2512;False;0
1788;3123;False;0
1867;2311;False;0
2632;3111;True;136
462;3231;True;54
2055;29;True;41
632;2514;True;261
4908;3046;True;81
4892;156;False;0
4668;656;True;336
2996;502;False;0
855;682;False;0
3945;1120;True;267
3531;401;False;0
1937;284;False;0
2819;3428;True;258
880;4518;True;361
241;1509;True;194
1416;1639;False;0
2013;4972;False;0
3359;585;False;0
3935;769;True;240
3857;758;True;133
3503;1070;False;0
2650;4429;False;0
2202;117;False;0
4801;2337;False;0
2550;295;False;0
1613;3967;False;0
1629;3129;False;0
4152;2385;False;0
2870;3786;True;32
158;1142;True;116
4050;3683;True;176
2473;4648;False;0
4787;19;False;0
4909;4174;True;326
1861;815;True;280
4086;3562;False;0
84;401;False;0
461;3406;True;267
2276;2767;False;0
1183;3306;False;0
3002;289;False;0
106;2541;True;253
1546;3478;False;0
4117;93;False;0
2812;1087;False;0
2887;1198;False;0
2172;2930;True;200
3591;1974;False;0
4662;4589;True;236
2390;4902;False;0
747;1467;True;175
4530;843;True;188
4793;3187;True;82
150;2605;True;192
436;3287;False;0
1523;373;False;0
552;4995;True;331
4271;1410;False;0
1278;1916;True;365
2202;429;False;0
1116;1861;False;0
3751;143;False;0
1449;3974;False;0
2874;918;True;202
41;2710;True;162
2806;1105;True;133
4728;1508;True;15
4340;3020;False;0
3445;680;True;304
423;685;True;82
1636;379;False;0
3301;4818;False;0
664;2272;True;216
3959;1113;True;245
1284;231;True;70
884;3210;True;54
1354;886;True;182
3373;3856;False;0
588;1078;False;0
1754;634;False;0
2854;1177;True;34
4124;3818;False;0
1416;2793;True;106
182;259;True;155
4012;3225;False;0
2219;3216;True;182
1603;3983;False;0
1566;4374;False;0
798;1866;True;102
4024;1842;False;0
3774;2221;False;0
4916;1750;True;28
4375;2847;True;340
2199;373;True;150
1261;3887;False;0
1534;4499;False;0
907;4211;False;0
1047;561;True;310
1936;2403;True;43
1939;457;False;0
1093;3276;True;159
2633;4660;True;225
4512;634;False;0
528;4142;True;109
198;1180;False;0
3727;4338;False;0
2416;4103;False;0
927;2134;True;239
4651;2678;True;262
4228;3441;False;0
122;2124;True;332
3735;1175;False;0
1835;2618;False;0
4323;3505;False;0
3520;211;False;0
4519;3423;True;177
2193;3766;False;0
2666;2405;False;0
3200;4207;False;0
2213;4317;False;0
1585;4813;False;0
2780;2415;False;0
3064;2401;False;0
2117;1225;True;102
4559;2390;True;165
1767;1197;False;0
850;2660;True;82
4098;2216;True;31
3668;1591;False;0
1641;4752;False;0
213;1446;False;0
3455;2233;False;0
1627;214;True;341
4564;2106;True;214
718;4546;False;0
2622;1444;True;317
2943;1459;True;142
2071;3318;False;0
481;1545;True;163
3511;601;True;76
3701;2382;False;0
4502;3314;True;56
1488;2821;False;0
3511;1895;True;67
1352;1150;True;358
139;4969;False;0
2682;499;False;0
3375;937;True;138
1598;2759;False;0
2892;2169;False;0
191;3051;True;198
695;2305;True;199
543;4899;True;229
3726;742;False;0
1953;2016;False;0
2242;4358;True;92
1615;2070;False;0
4913;4847;False;0
2403;3000;False;0
4530;1231;True;193
3776;1928;True;321
4779;4423;True;308
2041;1655;False;0
2378;4596;False;0
3064;725;False;0
3349;2003;False;0
2743;1138;True;37
2935;3586;True;7
2092;4797;False;0
867;582;False;0
4252;994;False;0
549;3994;False;0
1361;1783;False;0
3460;4502;True;35
1008;2526;True;86
68;4033;True;32
2752;4178;True;230
3496;3752;True;46
3963;3683;True;110
2971;4106;False;0
155;2734;True;7
1287;2235;True;316
2507;1998;True;138
204;1513;True;141
1356;2468;True;311
1985;1665;True;285
12;2859;False;0
4459;4944;False;0
1659;4953;True;256
2233;3886;True;208
3716;2292;False;0
1844;4272;True;159
4610;4308;True;195
722;147;True;79
927;4716;False;0
3537;3009;False;0
2527;3778;False;0
878;3297;True;100
1021;884;True;339
4406;3990;True;104
4695;3071;False;0
2753;3942;True;87
3871;3997;True;58
3760;3616;False;0
2168;1314;False;0
1484;2835;True;274
1917;4961;True;286
4662;3434;False;0
3345;3404;True;328
1114;306;True;154
4828;1383;True;286
4173;3566;False;0
1839;4485;True;125
4144;4630;False;0
4958;952;True;191
3753;4697;True;39
2509;1160;False;0
323;1993;True;313
4311;4012;True;88
3564;4084;True;361
82;3766;True;298
3425;1945;False;0
36;4260;False;0
3562;3295;False;0
57;4895;True;353
2745;1469;False;0
4379;845;True;39
4572;2661;True;216
4088;4471;True;310
2719;1052;False;0
1474;5;True;339
4257;1005;True;29
3710;1740;False;0
87;989;True;147
4241;1812;True;329
4242;1914;True;150
42;4400;True;59
3396;3007;False;0
679;1263;True;150
4118;3352;True;105
672;1475;False;0
626;4761;True;172
1025;2679;True;326
2888;3252;False;0
129;1077;True;234
4001;4784;True;315
2119;1546;True;104
2624;4488;False;0
651;4742;False;0
2984;417;False;0
2981;931;False;0
2787;570;False;0
306;557;False;0
2806;3443;False;0
3635;2561;True;175
4596;999;False;0
2798;1986;True;104
3095;1832;False;0
547;3555;False;0
2126;19;False;0
4962;3469;False;0
4436;3120;False;0
4483;4512;False;0
2850;3556;False;0
4788;2628;False;0
3062;906;False;0
3994;665;True;23
2656;528;False;0
2096;4640;True;213
4512;1116;True;254
4597;3844;False;0
4371;3076;False;0
969;544;False;0
4697;558;True;267
2498;3338;True;48
3715;2299;True;225
1410;4279;True;179
3917;1970;True;134
797;4395;False;0
3620;1655;True;33
4091;2351;False;0
2887;488;True;275
4838;4524;False;0
2259;544;True;189
1901;3820;True;108
1502;1977;True;37
3913;3642;False;0
2534;1110;False;0
3954;323;False;0
129;1902;True;353
4910;4657;True;78
3557;679;True;41
3198;1383;True;294
2669;4759;True;222
1448;1005;False;0
3192;1344;True;298
947;3124;False;0
3035;3016;True;34
361;1926;False;0
1807;3517;False;0
4844;976;False;0
2559;3343;False;0
52;3953;False;0
3941;2904;True;89
560;1802;False;0
1217;2461;False;0
341;662;False;0
1925;688;True;285
1510;3788;True;201
1666;3905;False;0
1772;4261;True;16
4085;3185;True;190
2115;2026;False;0
4183;598;True;171
893;451;False;0
4548;1892;True;72
2519;514;True;119
259;284;True;256
3746;3977;True;180
2365;2037;True;245
4677;2127;True;323
3420;4972;False;0
3098;1763;True;307
4149;4650;False;0
2740;4736;True;318
1879;4577;True;241
1799;4997;True;15
1843;4233;True;172
499;2093;False;0
3707;87;False;0
3199;3965;False;0
1849;3116;False;0
3362;2830;False;0
963;808;False;0
391;1962;True;354
3826;621;True;275
4413;3947;False;0
2400;4902;False;0
975;15;False;0
1317;2442;True;352
859;1953;True;283
879;2421;True;149
4221;2923;True;52
4175;3134;False;0
3591;4954;False;0
4701;4079;False;0
3262;2067;True;19
4393;2591;True;306
1971;3014;False;0
623;716;True;190
1123;726;False;0
4968;3208;False;0
4044;2728;True;22
2199;4191;False;0
3328;3960;True;278
2881;2565;False;0
2102;529;True;24
2548;4075;False;0
933;2192;False;0
4855;905;False;0
2489;2552;False;0
4224;4032;True;235
3168;1674;True;279
1802;2004;True;61
1516;3426;True;359
4797;3122;True;179
2765;411;False;0
4983;2432;False;0
4233;502;True;256
2353;2520;False;0
1650;1693;False;0
4134;4840;True;199
4522;526;False;0
1358;4617;True;61
559;4880;False;0
1144;3770;False;0
1036;1506;True;186
666;546;False;0
160;4666;True;351
500;4912;True;88
529;560;True;89
1460;379;True;251
4118;4740;True;7
4992;2626;False;0
3880;2954;False;0
3937;4445;True;105
1750;3669;True;100
4710;2798;True;85
3900;202;False;0
3760;4697;True;242
1179;3747;False;0
496;496;False;0
48;1763;True;282
391;2278;True;184
4158;4435;False;0
42;3065;True;157
2156;86;True;95
199;655;False;0
4718;1222;True;25
3272;2330;True;169
642;2277;False;0
4908;663;False;0
4058;383;True;138
1431;3493;True;352
2669;1296;False;0
2436;3237;True;240
604;1673;True;319
3321;2069;True;314
4108;4435;False;0
2996;3855;True;145
3670;3598;True;74
596;4679;True;273
1188;2980;False;0
709;1429;False;0
2080;4549;False;0
337;93;False;0
2020;3836;True;146
48;4462;False;0
1990;72;True;30
3907;4104;True;183
2095;1272;False;0
1354;2844;False;0
544;1411;False;0
3383;1186;True;298
1132;4928;False;0
4324;3660;False;0
2676;4864;True;308
1033;4686;True;248
4683;3938;False;0
4993;2632;False;0
461;1275;False;0
4108;2225;False;0
2942;4776;True;211
438;2002;True;48
2290;4472;False;0
514;3431;False;0
611;437;True;143
4229;1026;True;218
992;1747;True;106
1105;3764;False;0
2631;1180;True;280
4791;389;False;0
1681;135;True;230
902;4589;False;0
2976;3027;True;356
3844;4307;True;102
554;2956;True;70
2503;2076;False;0
1794;4436;False;0
4595;793;False;0
3843;4314;False;0
1075;828;True;186
2960;1190;True;201
3072;4049;True;331
4768;2701;False;0
3958;1217;True;230
2851;2039;True;165
1769;3101;False;0
2840;365;True;96
3440;623;False;0
3968;3897;False;0
1037;1687;True;264
2216;4310;True;362
279;4169;False;0
2202;2457;True;282
2330;233;False;0
4284;2743;True;279
4062;512;False;0
4818;3048;True;33
4998;2094;False;0
3834;4454;True;225
1247;469;True;224
4080;4076;True;337
2241;4458;False;0
162;4566;False;0
1692;3585;True;212
4536;4386;False;0
3053;1582;False;0
2654;4310;True;69
1248;3195;True;177
2935;3127;True;27
3178;4145;True;6
624;1116;False;0
1681;4636;False;0
1900;1927;True;258
2008;1915;False;0
1663;1223;True;160
1633;2895;False;0
2877;2272;True;131
1068;3841;False;0
1364;4987;True;177
1266;3412;True;45
872;845;True;156
972;3627;True;238
2010;2794;False;0
4099;4846;False;0
593;3008;True;265
429;3210;False;0
1348;1593;False;0
2646;3004;False;0
76;3486;False;0
2031;1982;False;0
135;1041;True;47
3741;1678;True;74
239;633;True;41
527;198;False;0
917;3062;False;0
969;597;True;50
2079;2279;False;0
1495;1743;False;0
4792;708;False;0
1585;4146;True;144
2006;1246;True;277
4688;2303;True;45
1875;1867;True;355
4661;1092;False;0
1536;4640;True;337
3173;4119;True;262
2544;4425;True;278
4848;127;False;0
115;1759;True;194
1386;247;False;0
4309;849;False;0
686;4410;True;131
1751;4653;False;0
3302;1347;False;0
2765;2910;False;0
645;4246;True;182
1030;1609;False;0
26;3606;True;156
4337;4235;False;0
3313;4142;False;0
3575;2834;True;36
3356;3112;False;0
1247;1055;False;0
4494;3944;True;99
489;218;False;0
1754;4946;False;0
1883;890;True;204
3198;2805;False;0
3569;1454;False;0
2058;129;False;0
391;1771;True;168
757;1580;True;305
780;3254;False;0
203;899;True;306
1229;2291;False;0
3766;430;True;295
3389;2359;False;0
2123;2136;True;2
1720;4184;True;335
208;3809;False;0
939;739;True;208
3273;208;False;0
3224;1137;True;268
4777;4890;False;0
2513;4580;False;0
3322;734;False;0
4843;331;True;107
4323;2582;False;0
676;2859;False;0
616;2808;True;158
525;4923;True;249
1169;4312;False;0
4116;2842;True;323
1504;856;False;0
1016;1988;False;0
1673;302;False;0
1971;4322;False;0
944;1717;True;196
2669;2232;False;0
983;4893;True;150
3634;2603;False;0
3967;35;False;0
2755;4627;True;73
3716;1450;True;290
760;3585;False;0
1061;4851;True;27
3832;1338;False;0
1170;2000;False;0
2002;1331;False;0
724;1921;True;361
3521;4072;True;193
1094;438;True;43
694;3702;False;0
2138;1205;False;0
4742;243;True;322
4728;3686;True;132
2922;4459;False;0
4858;4578;True;338
4021;3953;False;0
766;2616;True;84
1520;488;False;0
4797;2886;True;115
1052;2469;True;275
2402;537;True;12
571;1424;False;0
1072;3941;False;0
1700;2060;False;0
3400;4879;True;73
1654;3355;True;206
4261;2670;False;0
2478;3881;False;0
1303;4816;False;0
2518;4965;True;14
2563;3150;False;0
4904;3601;True;159
4967;862;False;0
4304;3920;False;0
3936;1348;True;75
3562;4806;False;0
4022;4165;True;73
537;2808;False;0
239;3535;False;0
1513;1049;True;116
1892;4269;False;0
195;1592;True;137
3786;3;False;0
2526;1130;True;180
4355;3875;True;100
2042;525;False;0
4167;1257;True;329
4274;3787;True;164
1215;4632;False;0
1401;640;False;0
1411;664;True;170
482;3887;False;0
2243;3979;True;267
3733;4278;False;0
1025;1175;False;0
2370;2735;False;0
3835;650;True;91
4895;1003;True;75
3576;3976;True;79
17;3907;True;301
3755;2341;False;0
3186;4054;False;0
4041;2478;True;66
2179;2506;True;362
2859;125;True;70
1379;2821;True;16
3146;4181;False;0
4248;1324;False;0
2315;3853;True;143
4479;3306;False;0
1177;34;False;0
4250;393;True;353
3415;1321;False;0
2759;1901;False;0
1401;405;True;218
1149;832;True;335
1843;3796;False;0
3911;1670;True;164
4583;2366;True;265
3477;3518;False;0
1263;4193;False;0
1868;302;False;0
811;2475;False;0
193;1318;True;166
4716;1756;True;75
4790;2715;False;0
3661;4740;True;273
1458;1950;False;0
1100;403;True;352
2070;4935;False;0
94;1073;True;58
540;4299;False;0
438;3063;True;352
3030;3966;False;0
2546;1226;True;336
2521;1381;True;105
3051;3521;False;0
1678;2753;False;0
836;3598;False;0
4533;1820;True;272
568;2099;True;52
3358;4228;False;0
1419;3656;False;0
1411;2629;False;0
2407;1382;True;219
3704;4968;True;288
2887;4493;False;0
3504;3633;False;0
1403;3560;True;290
3455;2725;True;270
4180;1526;True;75
1611;2891;True;10
3528;4896;False;0
1089;1982;True;332
2283;3527;True;287
3936;2635;False;0
781;4458;False;0
4849;2518;False;0
4244;2416;False;0
2510;4370;False;0
2072;2487;True;63
2638;2519;True;92
152;3321;True;300
425;3486;True;268
983;1458;True;35
4261;3275;False;0
4787;734;True;251
2431;2253;True;204
3456;3346;False;0
1359;2410;False;0
3984;1107;False;0
3062;3161;True;255
1214;3793;True;353
3016;121;True;13
24;396;True;326
4727;4691;False;0
3430;1412;False;0
166;3881;False;0
125;2555;True;4
1046;793;False;0
3152;639;True;205
4773;2172;False;0
3489;4302;True;2
1928;1704;False;0
3990;361;True;110
2781;830;False;0
1031;1107;False;0
4107;4477;True;200
3046;804;True;209
4881;3630;True;363
1982;1600;False;0
3656;1388;False;0
1519;2023;True;96
3506;3666;True;250
4182;2025;True;8
1784;289;False;0
3504;3320;False;0
1925;2016;True;200
995;1684;True;363
2707;4491;False;0
3395;3108;True;315
3929;4852;False;0
2827;1985;True;299
3904;1784;False;0
3761;4067;False;0
153;1660;False;0
3169;1090;False;0
143;4151;False;0
173;2940;False;0
285;1652;True;11
3498;4415;True;204
2563;1850;False;0
4673;2553;True;339
1358;1727;False;0
4564;2394;False;0
2104;2227;False;0
2444;3492;False;0
3192;4450;True;11
2794;287;False;0
3247;4434;False;0
3776;292;True;51
3652;2124;True;96
2192;3968;False;0
1193;4470;True;305
1121;1026;False;0
216;2542;True;168
1496;4741;False;0
1459;3902;False;0
2468;23;True;356
939;3856;True;58
1530;4072;True;55
57;4453;True;218
729;1970;False;0
4393;4858;True;175
3063;871;True;143
4273;3926;True;203
1135;2079;False;0
1217;4138;False;0
3217;4411;True;315
4969;4543;True;352
2885;573;False;0
3171;3872;True;271
2544;339;True;239
1741;3625;True;359
3511;2120;True;33
2345;1295;True;304
4654;1169;False;0
4184;4216;False;0
398;3539;True;289
251;475;True;158
2014;2992;True;184
2189;640;True;214
1524;1632;True;352
1080;188;True;37
2326;2836;True;83
589;2194;False;0
3673;2734;True;360
3469;3830;False;0
1507;1518;True;168
4403;2572;True;172
3680;1443;True;329
3664;4650;True;300
3291;187;True;175
4969;1406;False;0
3391;2642;False;0
3774;743;False;0
2839;3489;True;261
503;1760;True;35
3783;854;True;293
3027;2877;False;0
1566;2689;True;128
4015;3013;False;0
1643;908;False;0
1962;3616;True;128
369;1067;False;0
3808;1796;False;0
4769;767;False;0
3317;329;False;0
953;1258;False;0
2271;3859;False;0
1946;3098;False;0
4470;2070;False;0
941;2097;True;277
4999;4982;True;181
1047;4502;False;0
2094;1710;True;304
2369;2269;False;0
709;3714;True;78
3488;3976;True;59
2122;4167;True;205
4577;2499;True;346
4310;4843;False;0
2497;4761;True;24
330;4016;False;0
219;4408;False;0
238;929;False;0
3238;2307;False;0
4086;2443;False;0
4307;2191;False;0
2684;3494;False;0
1427;13;False;0
4343;2631;True;145
1495;2512;True;170
4959;1607;True;200
4261;3604;True;166
1646;4780;False;0
669;4982;False;0
3870;4220;True;330
2468;4378;True;97
2985;432;False;0
2072;3746;False;0
130;1254;True;143
564;797;True;291
3305;310;False;0
3499;1343;True;317
1419;2846;False;0
678;3678;False;0
1596;3135;True;193
2425;921;False;0
2452;4434;False;0
2172;1310;True;267
3707;474;True;175
1404;426;False;0
2395;3836;True;235
908;3752;False;0
1229;2817;False;0
17;2523;True;150
1572;3938;False;0
2004;356;True;86
112;347;True;189
402;4215;False;0
1303;2983;True;332
4562;4105;True;293
4498;2516;True;362
3468;308;False;0
2022;619;False;0
1440;358;True;142
2320;4994;False;0
1856;4883;True;210
1149;3564;False;0
2901;1848;False;0
3887;417;True;292
4037;2051;True;173
2430;6;True;259
1217;2872;False;0
2633;4883;True;99
2433;3819;True;136
1448;2325;True;50
2910;4334;True;227
1546;1468;False;0
4727;504;True;171
3573;1869;True;43
3785;4776;False;0
1056;4463;True;323
1754;2664;False;0
3439;4655;False;0
323;2740;True;216
2133;3474;False;0
4979;2828;False;0
2637;181;False;0
3301;2544;True;318
2955;2230;True;195
379;1853;False;0
3324;3904;False;0
3675;3109;True;51
4883;573;False;0
2412;1886;True;327
3896;4242;True;252
476;830;True;8
4037;3552;True;17
3901;1483;True;344
283;3930;False;0
912;4489;True;362
1418;1031;True;238
195;4310;False;0
3427;2996;True;89
1465;3415;False;0
432;1595;False;0
436;2973;False;0
4423;3189;False;0
3532;3534;True;146
1619;373;True;291
4207;2841;True;6
4961;1762;False;0
4029;4058;True;357
4775;3553;False;0
693;34;True;115
856;319;False;0
1363;3448;False;0
1602;3191;False;0
4981;1958;True;328
2330;1121;False;0
787;3182;False;0
4141;5;False;0
1496;707;False;0
916;321;False;0
4612;3406;True;17
1978;2581;True;34
385;4235;False;0
808;1176;True;96
815;3252;True;255
4433;2562;False;0
2568;4078;True;123
689;1149;True;20
1315;1562;False;0
3127;665;True;34
1149;1249;False;0
618;4076;False;0
317;2515;False;0
2378;1826;False;0
4884;873;True;156
3012;2287;False;0
120;319;True;321
3623;1558;True;127
1015;2160;True;293
3892;3241;True;256
4520;2256;False;0
3803;4559;False;0
2013;4123;False;0
3951;1923;True;24
1428;2402;False;0
3508;1560;True;149
1278;2650;True;4
476;4821;False;0
2534;2672;False;0
3270;2947;True;361
3572;2259;True;201
4202;4068;False;0
1517;1936;True;193
289;2625;True;291
4988;207;False;0
1861;2743;True;191
3431;3363;True;291
2573;661;True;356
2294;978;False;0
4591;230;True;271
3085;591;True;117
563;3574;True;213
1131;4716;True;115
3601;4134;True;162
4875;4343;False;0
3394;4390;False;0
2392;3163;False;0
2265;2738;True;295
3769;4186;True;224
334;1390;False;0
558;4657;True;330
2073;2960;True;329
1013;467;False;0
1568;4514;False;0
2908;4540;True;22
959;1278;True;315
2939;333;True;268
3846;1187;False;0
856;146;True;47
1826;3666;True;72
1840;4638;False;0
2654;4801;False;0
1077;69;False;0
3099;1970;False;0
4011;889;True;107
3366;2399;False;0
1283;4149;True;323
3927;1666;False;0
2643;4501;False;0
3830;2666;False;0
4019;1606;True;280
1637;4625;True;90
3158;3692;True;271
2158;3579;False;0
1506;756;False;0
2703;2894;True;111
1040;3448;True;234
525;341;False;0
4850;1750;True;173
1712;564;True;324
3843;3393;False;0
3689;4046;True;340
1634;599;False;0
4044;1260;False;0
1497;3093;True;236
4993;1440;True;138
2184;1022;True;132
4557;1510;False;0
3329;4965;True;161
549;1552;True;273
2354;1060;False;0
2376;3758;True;72
3534;2354;True;218
3526;3469;False;0
3251;1577;False;0
1587;723;False;0
4228;1042;True;254
4190;2044;False;0
46;2603;True;201
3599;2338;True;336
2386;3329;True;77
1488;2725;True;156
522;2785;False;0
2381;3242;True;357
4857;3921;False;0
2119;3987;False;0
3676;3198;False;0
3034;524;True;173
770;3571;True;240
3963;1299;True;31
1220;3586;True;62
4126;1147;True;125
4599;586;False;0
1086;2021;True;162
860;1594;False;0
1215;3230;False;0
4492;4882;True;362
2275;582;False;0
4415;3963;False;0
1815;743;True;153
4891;407;True;187
512;1100;False;0
3741;3712;True;242
70;1916;True;7
2723;1727;True;5
1705;4502;True;25
3092;4869;False;0
3992;782;False;0
3929;378;False;0
2150;2830;True;195
298;1503;True;135
684;4257;True;177
3720;3212;True;300
4057;481;False;0
2767;4782;False;0
3615;2733;True;250
3433;2551;True;33
3775;3064;True;340
1899;384;False;0
3684;2342;True;4
2126;3892;True;298
2908;54;False;0
674;276;True;192
1677;2436;False;0
174;882;True;111
4530;2617;True;51
1915;1514;False;0
3498;3569;True;219
1803;4706;False;0
1297;3238;False;0
3694;2660;True;266
3130;1151;False;0
719;4793;True;46
3642;2397;False;0
4890;260;False;0
3124;3163;False;0
152;3031;True;216
2229;3320;False;0
2566;2433;True;184
2297;4411;False;0
502;1698;True;330
4202;2212;False;0
989;1380;True;318
883;1162;False;0
4572;4023;False;0
2225;1910;False;0
1414;1177;False;0
627;1820;False;0
3886;3029;False;0
3141;4637;True;261
103;1797;True;63
1766;4881;False;0
2915;971;True;239
2481;3119;False;0
1863;2504;False;0
1787;3624;False;0
3407;3053;True;314
2186;1482;True;151
1660;4657;True;20
4853;1154;True;251
193;62;True;224
4269;2636;True;66
3512;233;True;203
2542;908;True;129
1453;2613;True;179
3781;3201;False;0
4176;1622;False;0
1922;1380;False;0
4958;4041;True;153
1512;956;True;146
2850;3400;True;110
2625;255;False;0
4573;3246;True;69
1479;1086;True;50
1272;490;True;109
3689;3311;False;0
1224;698;True;47
1053;2243;True;74
4664;4424;False;0
1207;1594;False;0
2618;3257;True;116
1546;380;False;0
3051;274;False;0
4770;3467;True;341
3640;328;False;0
4208;1920;False;0
1208;3428;True;292
736;851;False;0
1685;3881;False;0
4486;1443;False;0
2065;21;True;31
1437;1362;True;193
1208;2979;True;262
2199;3772;False;0
4368;2119;False;0
2020;4453;False;0
19;228;False;0
1263;129;False;0
3777;1127;False;0
2793;2580;False;0
446;419;False;0
2263;277;False;0
2913;531;True;340
4857;1904;False;0
44;3741;False;0
3207;1930;False;0
2945;42;False;0
40;918;True;274
3162;1234;True;122
1666;814;False;0
1997;3903;False;0
4994;1952;False;0
364;2433;False;0
1489;1943;True;163
1038;1108;True;364
3647;4700;True;189
1289;644;False;0
4900;3208;True;168
1868;3283;False;0
2127;1678;False;0
999;2352;True;68
291;4733;True;156
2526;1510;False;0
1396;3338;True;311
2054;1831;False;0
4813;575;True;244
1109;340;False;0
4043;2480;False;0
3391;4274;True;124
3310;4249;False;0
3922;1585;False;0
363;2935;False;0
4988;3422;False;0
33;2100;False;0
2816;3501;False;0
288;117;True;250
4278;2791;True;141
2300;3310;True;287
389;1666;False;0
2469;3120;True;308
932;4915;False;0
281;4929;False;0
3650;2937;False;0
3367;4035;False;0
236;557;False;0
2102;4485;False;0
866;1371;False;0
4194;114;True;189
3386;1415;True;362
2126;3815;False;0
1580;4140;False;0
1789;1245;True;64
332;2478;False;0
493;1074;False;0
1704;1946;False;0
3440;4427;False;0
435;2965;False;0
2733;4458;True;138
1351;2287;False;0
3114;2323;True;339
2977;436;False;0
3791;3814;False;0
3933;1380;False;0
2901;2614;False;0
3433;3889;False;0
4716;177;True;228
545;3814;True;12
4950;2125;True;359
871;3866;False;0
3093;153;True;222
1754;4968;False;0
1547;2181;True;93
591;1577;False;0
3080;3140;False;0
743;2054;True;266
3303;4015;True;319
4984;3724;True;272
929;3380;True;238
524;292;False;0
4033;40;True;258
4373;1399;False;0
3317;3946;False;0
284;3625;True;304
251;1256;True;311
2154;2659;True;179
1175;1252;False;0
2017;1596;False;0
1349;1377;False;0
1581;2726;False;0
4428;879;False;0
1989;3740;False;0
3819;153;False;0
470;2852;False;0
302;2308;True;334
2829;145;False;0
2501;1373;True;328
1120;3489;True;96
3358;4896;True;254
2742;4646;True;205
2010;578;True;59
4745;1091;False;0
2492;1335;False;0
2549;3369;True;96
4238;1384;False;0
4003;4127;False;0
2363;4293;False;0
2052;485;True;237
3391;3420;True;32
2842;3067;True;148
207;2978;False;0
2934;4717;False;0
1401;2789;True;236
1168;443;False;0
332;2728;False;0
1006;3089;False;0
4238;4553;True;239
3693;1190;False;0
4741;4134;True;87
192;2373;False;0
2723;4903;False;0
1508;3177;True;28
4394;1392;True;270
2904;1641;True;168
1458;3337;False;0
1426;1619;False;0
1870;1397;True;353
238;2642;False;0
1792;2641;True;352
4984;4513;True;25
1613;2328;True;10
4155;3670;False;0
2719;4508;False;0
1188;1467;True;107
1550;4226;True;281
297;1186;True;200
3486;2426;False;0
4762;1376;True;234
4587;2605;False;0
3142;2087;True;348
328;26;True;135
238;4029;False;0
3797;4764;False;0
4791;1242;True;86
4701;2183;True;37
505;3971;True;325
4259;1272;True;326
1545;3064;True;214
3979;4059;False;0
3291;3653;False;0
4849;1279;False;0
4237;3643;True;276
4196;2997;False;0
3448;2830;False;0
2284;4903;True;365
1243;1014;False;0
3726;141;False;0
118;2037;True;187
2978;2754;True;272
3148;4873;True;326
3493;3990;True;118
1823;673;True;126
1698;1802;True;329
2512;1135;False;0
1232;4883;True;194
2835;3120;True;25
3822;653;False;0
2952;518;True;226
2417;721;False;0
1134;638;True;356
821;326;True;200
417;304;False;0
359;4037;True;326
2618;2565;True;326
2121;1868;True;253
4585;69;False;0
2632;135;True;9
950;2546;True;218
2297;1924;True;230
1110;543;False;0
3836;2160;True;32
4659;2925;True;237
2743;3995;True;44
3797;2166;False;0
428;4208;True;5
4885;4231;False;0
3365;1785;True;291
2193;1386;True;289
1615;888;True;18
1952;2525;True;202
1744;4080;True;46
3307;2839;False;0
4514;2879;False;0
428;431;True;141
3136;347;False;0
2965;3559;True;257
293;2451;True;89
3243;4614;False;0
117;4033;True;8
9;1913;False;0
168;2297;False;0
3394;822;True;133
1101;283;True;210
1412;142;True;359
588;625;True;188
57;3269;False;0
1103;4328;False;0
2581;762;True;128
2869;1111;False;0
4320;4982;True;39
2558;3150;False;0
2368;4361;True;276
1897;2925;True;22
2600;3464;True;72
4115;3671;True;11
4446;653;True;83
918;520;False;0
4959;4973;False;0
4752;2304;False;0
849;4390;True;180
4133;4442;False;0
3626;2674;True;293
3620;4576;False;0
1438;1662;True;7
4793;1579;True;229
1996;1465;True;335
3428;3513;True;293
470;3296;True;117
2945;186;False;0
2047;2474;True;243
2355;2870;True;67
217;1300;False;0
2839;2654;False;0
2930;1183;False;0
797;3649;False;0
1183;1009;True;96
1969;991;True;288
828;3543;True;67
520;2768;True;304
4038;1383;True;139
3222;3922;False;0
1420;2516;False;0
2085;858;False;0
3537;3931;True;154
4047;3665;True;194
1257;2652;True;360
3299;2796;False;0
4355;503;True;130
64;4758;False;0
4701;4645;True;204
3858;1642;True;8
3972;381;False;0
4494;3688;False;0
2253;1213;True;177
3654;89;True;150
3186;2319;True;34
271;1866;False;0
3347;816;True;45
3234;742;True;75
1579;4617;False;0
2595;3020;True;308
1661;3313;True;203
998;4298;False;0
396;3840;False;0
2279;4653;True;124
4032;247;False;0
1551;2648;True;68
2379;3690;False;0
4908;1779;False;0
3437;1480;False;0
1442;3202;True;345
175;999;False;0
2168;341;False;0
1183;820;True;312
1366;479;True;115
3929;2303;True;334
1874;1557;False;0
2085;613;False;0
2849;4747;True;268
3204;4479;True;115
4820;4855;True;349
4084;4336;True;48
3058;3988;False;0
4803;1227;False;0
3763;4119;False;0
4633;959;False;0
1080;415;False;0
4591;854;True;234
749;3315;True;338
1900;1119;False;0
1771;3237;True;323
4061;4429;False;0
3022;1063;False;0
1063;2527;False;0
2113;4052;False;0
2080;4285;False;0
3736;4487;False;0
1400;2266;True;182
4855;3961;True;33
3779;3332;False;0
1897;3183;True;109
666;4032;False;0
4672;2779;False;0
2207;2488;False;0
1708;2522;True;256
2861;4301;True;63
4691;4467;True;167
1503;4898;False;0
295;2051;True;88
203;1145;True;328
3067;4986;True;322
2874;1326;False;0
43;2845;False;0
2666;4301;True;233
1110;992;True;36
3337;554;True;260
481;4755;False;0
4116;1865;False;0
1751;4340;True;181
4411;398;False;0
3571;4403;False;0
4584;57;False;0
4937;3557;True;345
2034;3550;True;118
3995;2107;False;0
1245;1469;False;0
2082;2161;True;73
1421;1217;True;10
3300;2173;False;0
776;2426;False;0
2836;4244;True;275
3675;4995;True;217
3743;3647;True;89
1546;2102;False;0
2509;1316;False;0
1395;3114;True;271
2230;2332;True;355
44;2050;False;0
782;4558;True;327
3080;3710;False;0
4724;4108;False;0
4817;977;True;229
1877;2631;False;0
1887;890;False;0
4302;4711;False;0
3683;1055;True;46
412;2567;True;276
1889;1889;False;0
348;4861;True;244
3561;2820;True;224
889;2889;True;13
1345;3617;False;0
2232;1461;True;317
1110;1316;False;0
1722;3468;False;0
2062;873;False;0
3013;393;False;0
4982;2060;True;47
4597;4829;True;230
1459;1303;False;0
1412;2831;False;0
3334;1234;False;0
2713;4964;True;48
3785;2940;False;0
4357;110;False;0
279;4543;True;177
2056;2999;True;221
4796;2781;False;0
3156;1167;True;31
263;3773;True;275
3382;2657;False;0
1855;2392;False;0
3486;2029;False;0
4009;3349;False;0
394;4411;False;0
4309;3838;True;322
515;3629;False;0
3175;2802;True;140
522;1341;False;0
956;2748;True;96
4585;4868;False;0
4985;790;False;0
4138;3555;True;31
4261;2568;False;0
709;1572;True;119
990;3395;False;0
4251;404;False;0
1223;2788;True;315
4888;270;False;0
4033;1727;True;52
2624;1181;True;349
3922;4337;False;0
2086;2917;True;78
3172;3000;True;364
7;1024;True;231
2315;1358;True;68
1667;2566;False;0
2016;3525;True;227
1812;730;True;303
1618;1429;True;285
3272;1492;False;0
4523;2506;True;236
3218;876;False;0
2397;1239;True;17
2592;4571;True;142
4266;2856;False;0
1076;4863;True;87
1188;1283;True;99
1175;4702;False;0
4189;1118;True;44
1525;2276;True;7
2405;4764;True;321
377;4644;False;0
1199;3547;True;226
2434;1550;False;0
223;1105;False;0
3607;4561;False;0
2311;2028;True;109
36;2966;False;0
2308;1679;True;134
425;3151;False;0
2161;4828;False;0
4647;4729;False;0
2512;3082;True;261
2259;3046;True;157
3126;501;False;0
902;2594;False;0
720;4852;True;243
44;4359;False;0
2804;778;True;227
3515;781;False;0
757;785;False;0
4009;1893;False;0
1144;1871;True;151
4116;2349;False;0
1570;4107;True;87
3199;48;False;0
2479;243;False;0
1127;1671;False;0
2772;2198;False;0
4241;4496;False;0
4456;232;True;254
1067;1630;True;96
4616;3682;False;0
2595;3368;False;0
3642;1936;False;0
2869;2524;False;0
3480;4257;False;0
3970;2456;True;295
1359;3007;False;0
3698;386;False;0
1348;2605;True;190
760;4735;False;0
4993;4919;True;130
3507;3339;False;0
4962;1333;False;0
3178;3560;True;179
1042;3544;False;0
2921;4285;False;0
3133;1210;True;316
836;181;False;0
3935;1375;True;90
3502;1089;False;0
637;1338;True;122
775;4895;True;203
759;1834;True;297
4217;4437;True;144
2471;2797;False;0
2575;4886;False;0
418;2584;False;0
3415;3359;True;3
3989;3840;False;0
4912;1101;False;0
2146;839;False;0
3108;681;False;0
3007;2868;False;0
2738;1341;True;237
2596;4065;False;0
4838;1852;True;32
2496;3450;True;305
173;766;True;18
3552;2257;False;0
3725;105;False;0
4101;32;False;0
2555;4759;True;332
2139;2396;False;0
3550;4454;False;0
3947;3585;False;0
4496;3984;False;0
1690;3938;True;164
2477;3298;True;61
717;3520;False;0
570;1240;True;184
2406;2181;True;172
2543;227;False;0
1460;602;True;317
118;3002;False;0
1468;981;True;206
2507;1095;False;0
3730;240;True;112
1406;482;False;0
4918;3097;False;0
4890;4082;True;218
2858;1284;True;24
1446;4728;True;206
136;942;True;365
3981;1792;True;257
3372;4049;True;115
789;756;True;268
983;2817;False;0
3133;1460;False;0
885;3066;False;0
1810;765;True;328
3937;234;True;222
1142;4563;False;0
489;1039;False;0
4636;946;False;0
3585;1470;False;0
2631;2287;False;0
1064;746;True;206
163;3536;False;0
2820;3907;True;219
4866;3462;True;152
3875;2395;False;0
3419;2579;False;0
538;1228;True;122
2797;3478;False;0
88;4483;True;205
780;331;True;242
3802;3789;False;0
2578;1906;False;0
213;3772;True;32
3128;4368;False;0
440;4741;True;174
2906;279;False;0
3528;4715;False;0
4643;2550;False;0
561;2574;False;0
2905;2163;True;104
665;2443;False;0
4068;2390;True;115
1776;3608;False;0
2088;4333;False;0
4341;3221;True;78
1418;1333;True;225
1141;510;True;216
519;457;True;19
1977;979;False;0
218;4783;True;337
1214;3285;False;0
4492;3241;True;256
329;451;True;263
642;2525;True;329
295;4263;False;0
925;4849;True;311
29;2381;True;310
2671;1447;False;0
1093;2726;False;0
4850;2232;True;120
3302;3217;True;72
4383;529;True;268
1385;3517;True;1
1883;864;False;0
1462;3726;True;210
3537;4349;False;0
6;3571;False;0
1095;2050;False;0
4574;4138;True;44
1968;2181;True;187
4170;2576;False;0
2215;3306;False;0
4506;1560;False;0
2082;1649;False;0
851;545;True;77
389;787;True;4
2024;4829;False;0
4981;734;True;203
3823;4654;True;258
1521;110;True;154
1719;1079;False;0
423;2210;True;288
3791;2698;False;0
3748;1184;False;0
1009;1449;True;246
607;549;True;336
1673;792;False;0
1125;3747;False;0
514;1657;True;197
59;1107;True;235
1246;4736;False;0
2823;2155;False;0
2771;2731;False;0
4894;1099;False;0
2217;2141;False;0
1732;2701;False;0
2011;908;False;0
3769;117;False;0
2958;4182;False;0
1407;1456;False;0
3191;1165;True;144
3320;4597;False;0
2040;753;True;19
3847;866;False;0
385;2514;True;316
2211;1314;False;0
3892;2814;False;0
993;732;False;0
3541;3458;False;0
1418;1940;False;0
3542;2319;False;0
4225;2878;True;290
2233;1492;False;0
4762;4570;True;185
465;4276;False;0
1192;325;True;98
398;3507;True;302
2302;3049;False;0
2403;386;False;0
4176;4575;False;0
4195;3300;True;261
4257;3046;False;0
3393;2519;True;324
1830;4874;False;0
3193;3304;True;147
2022;1544;False;0
2633;4801;False;0
4046;4868;True;111
2133;2665;True;260
894;3667;False;0
4347;2800;True;251
4704;2970;True;178
3911;885;False;0
45;4568;False;0
1462;4270;True;291
2551;324;False;0
710;1257;True;338
2912;2200;True;316
211;234;False;0
3112;1736;True;352
2314;4794;True;325
3910;3995;True;198
4342;4828;True;362
843;3187;True;26
3115;4667;False;0
2271;2363;False;0
2438;1867;False;0
2408;1045;False;0
4590;122;True;113
2629;3359;True;102
4210;3222;True;33
2929;4286;False;0
4579;4266;True;266
2205;1451;False;0
3223;4168;False;0
1991;2120;True;98
930;1945;False;0
2031;1434;True;21
1138;1216;True;197
1327;1212;False;0
4149;788;True;97
2488;1012;True;97
499;4278;False;0
378;1131;True;237
3289;1847;True;112
1308;3424;False;0
1241;4278;True;245
1310;3820;False;0
3851;2952;True;246
4878;4780;True;50
510;1982;False;0
2694;621;True;34
3855;89;True;32
1287;655;False;0
2227;1174;False;0
4335;4709;True;150
4041;2746;False;0
1226;1466;True;149
1043;4375;False;0
651;3281;True;240
3298;3270;False;0
596;3431;False;0
4385;2673;False;0
3236;1184;True;334
1648;2421;False;0
3364;1572;True;94
4188;2896;False;0
2431;517;True;199
1153;4899;True;231
155;1760;True;63
1229;3071;True;132
1213;3961;True;144
1427;1935;False;0
312;3845;True;120
2004;3386;True;223
1259;820;False;0
539;2737;True;163
3978;562;False;0
3479;1057;True;30
4644;996;False;0
1751;712;False;0
1261;1422;False;0
3552;3029;True;188
2433;413;True;278
4285;1944;False;0
1779;4586;False;0
1324;2217;False;0
2795;1352;False;0
551;3058;True;231
979;2697;False;0
3600;3378;False;0
4720;1824;True;333
1856;42;False;0
232;1884;False;0
2013;3146;True;225
1812;1318;True;57
4790;2820;False;0
3810;1212;True;261
451;1732;False;0
229;2260;False;0
99;3336;True;58
1525;2456;False;0
4536;2815;False;0
935;2757;True;214
3182;2217;False;0
2987;2455;False;0
3139;792;False;0
2691;53;True;302
1410;3852;False;0
1192;1934;True;116
248;1066;True;120
317;3516;True;189
1182;2483;False;0
4991;2637;True;139
2394;1081;False;0
972;2038;False;0
2973;738;False;0
3392;3292;False;0
1918;2734;True;119
2314;3934;False;0
860;2269;False;0
2278;1295;True;172
1890;3640;True;154
98;2043;False;0
3224;432;True;129
703;2696;True;268
1024;2005;False;0
632;3151;True;19
4368;1502;True;18
1235;1783;False;0
3899;4686;True;49
3154;3599;True;149
605;4160;False;0
1738;550;False;0
4424;2387;False;0
2911;4323;False;0
143;1137;True;116
1197;4653;False;0
4258;3530;True;53
4524;4119;False;0
764;1089;False;0
1977;1934;True;46
3012;4653;True;203
3854;161;False;0
1431;3846;True;186
4141;2029;False;0
1397;2460;False;0
3331;2053;False;0
3239;3212;True;339
148;3241;True;138
1611;1224;False;0
3314;2460;True;87
4399;330;True;227
2089;3991;True;145
4913;2697;False;0
835;874;True;128
4454;2712;True;233
69;2022;False;0
4138;329;False;0
471;1621;False;0
4951;3076;False;0
1814;1418;False;0
2150;536;True;265
2148;3284;False;0
285;142;False;0
2445;3631;True;262
2460;1408;False;0
266;4707;True;102
1280;4992;False;0
2898;1294;False;0
4530;377;False;0
3291;4561;False;0
3160;2870;False;0
1245;821;False;0
561;776;False;0
2152;151;False;0
839;649;True;194
2740;3804;False;0
1732;4385;False;0
3898;2158;True;295
1954;1408;True;8
4707;4957;True;227
1771;3505;True;190
3377;3541;False;0
3386;4625;True;276
1124;4245;False;0
3198;1041;True;106
264;2777;False;0
1723;1288;True;14
733;3514;True;349
103;2211;False;0
368;2546;True;79
241;4022;False;0
3023;3877;False;0
3342;203;True;219
1235;2244;True;239
3597;695;False;0
4511;3604;False;0
289;1970;True;3
3462;3784;True;96
2405;2905;False;0
1315;701;False;0
1966;1515;True;202
1566;4234;True;13
211;3267;False;0
227;4581;True;272
4595;334;True;126
2744;4270;False;0
957;4245;False;0
3143;3975;False;0
2178;4048;False;0
3991;1750;True;234
628;1765;False;0
4073;3386;False;0
1603;3001;True;153
2552;2232;False;0
2989;2571;True;178
809;2479;True;325
1255;3335;True;45
4083;1764;True;11
4166;3625;False;0
1769;2448;False;0
777;1267;False;0
892;1793;True;323
3303;3486;False;0
2133;2072;False;0
1178;3154;False;0
2024;44;False;0
32;256;False;0
3232;2609;True;138
1865;1833;False;0
1507;1068;False;0
4242;2824;False;0
4526;3331;False;0
4736;1516;False;0
2192;1837;True;122
2355;2087;True;123
2946;4377;False;0
34;2076;False;0
1646;4724;True;124
3807;1209;False;0
3397;3345;True;322
4861;298;True;224
844;3178;True;251
4575;4603;True;158
756;4463;True;305
3127;1297;False;0
1303;4240;False;0
2647;296;True;1
2113;3029;True;275
4893;4909;False;0
1019;1140;True;152
4709;975;True;52
2591;1114;False;0
3939;2051;False;0
3623;363;False;0
1432;4808;False;0
4233;3903;False;0
2764;2496;True;276
2857;2150;True;291
793;755;False;0
2207;1817;False;0
2199;2743;False;0
1316;976;False;0
2232;2956;True;302
897;2431;True;24
4744;2200;True;13
4583;2440;True;173
4222;2916;True;331
3198;3983;False;0
4920;4416;False;0
178;1137;True;21
4249;1878;True;317
1466;4755;True;281
3983;3213;False;0
3803;712;True;46
2823;854;False;0
3108;2810;True;4
3925;230;True;116
3041;2743;False;0
1474;3343;False;0
151;985;False;0
593;577;False;0
3510;1326;False;0
1580;523;True;113
3299;4738;False;0
2103;573;False;0
3263;1974;False;0
2275;2803;True;287
4460;488;True;257
3454;2154;False;0
2402;4276;True;92
1902;2088;True;108
2530;2927;True;218
2370;3556;False;0
2165;3592;True;315
2132;697;True;310
3784;3504;True;251
4763;4815;False;0
1954;2851;False;0
777;4803;False;0
2508;3398;True;153
2071;2111;False;0
3737;1768;True;151
1962;4510;False;0
2658;2154;False;0
3526;4906;False;0
1147;4878;False;0
3079;4993;False;0
4443;2469;True;296
2405;4626;False;0
4913;3354;False;0
38;3625;True;268
4663;839;True;132
3546;3362;False;0
4174;4430;True;67
4262;557;False;0
3799;3354;False;0
242;2960;True;240
2368;2113;False;0
2803;302;False;0
4609;2260;True;231
2686;3881;True;331
1628;2365;False;0
1882;41;True;340
3134;528;True;155
3782;2997;False;0
219;2458;False;0
4317;180;False;0
790;561;False;0
3460;4095;False;0
3261;578;True;162
528;4835;False;0
4417;2839;True;137
97;2142;False;0
1835;4062;False;0
3206;4815;True;354
2002;646;True;236
2034;4717;True;66
1327;1581;True;253
3995;3311;True;185
4457;979;True;196
3461;4958;False;0
4715;3450;False;0
3333;3492;True;117
1753;3280;False;0
1826;2067;True;279
3270;2961;True;326
2993;1633;True;94
3800;4159;True;235
2033;2565;False;0
745;3365;False;0
2717;1595;False;0
3874;2272;False;0
770;3304;True;16
857;2301;False;0
2142;1848;True;357
950;2716;False;0
1785;4791;True;181
2094;4007;True;163
2584;174;False;0
1149;1508;False;0
4395;4196;False;0
1245;1915;False;0
568;4740;False;0
2800;526;False;0
2271;1502;True;103
2221;3081;False;0
1235;2135;False;0
491;695;False;0
2026;4952;False;0
4323;2287;False;0
1912;492;False;0
1609;1119;True;30
2286;3274;True;311
2813;3521;True;177
445;318;False;0
1143;64;False;0
4061;1341;True;225
3356;1235;False;0
549;1453;True;248
3234;3155;True;298
1262;3513;True;186
1891;3350;False;0
1385;818;False;0
1219;4526;False;0
4325;3683;False;0
431;2407;True;204
1141;4986;True;81
4542;1399;False;0
1059;149;False;0
4593;885;True;257
4866;4486;True;205
3251;2411;False;0
1063;11;True;57
3079;2332;True;51
3902;559;False;0
4062;4092;False;0
4538;4801;True;150
3496;4874;True;69
3199;648;False;0
3650;1018;False;0
3315;4056;False;0
3928;4289;True;121
517;103;True;98
4561;4343;True;344
3007;66;True;63
1291;2925;True;143
2940;1751;True;123
3336;239;False;0
1070;734;False;0
3816;2939;False;0
1943;3839;False;0
1754;1052;True;334
4671;684;True;42
4784;3868;True;339
3585;739;True;5
1938;416;False;0
333;292;True;192
3312;919;True;282
873;2034;True;364
2280;3439;False;0
2597;3438;True;53
2591;1972;False;0
1969;4645;True;88
3668;4379;True;363
3559;3896;True;75
3894;2101;False;0
1881;3056;True;267
524;2283;True;23
4374;679;True;303
1689;903;True;1
368;1156;True;41
1573;3173;False;0
3927;4440;False;0
4439;3830;False;0
582;4956;False;0
2196;2147;False;0
4450;1151;False;0
1846;3160;True;221
4614;2824;False;0
4304;422;False;0
1705;3799;True;246
3304;936;True;183
3276;935;False;0
2131;11;False;0
1593;1619;False;0
3126;2155;True;275
1479;1410;True;128
3379;1117;True;345
2865;1089;True;77
3343;3284;False;0
3099;39;True;45
4914;904;True;254
303;2440;True;100
3183;4945;True;150
491;3267;True;120
3010;964;False;0
1905;1155;False;0
2103;2312;False;0
4430;2478;True;93
3304;2801;False;0
1391;1929;True;213
1671;1900;True;26
822;350;False;0
4667;3356;False;0
2170;3721;False;0
3496;1352;True;204
3290;103;False;0
1971;82;False;0
877;247;False;0
3402;3440;True;351
4133;1779;True;103
4206;2743;True;190
944;4524;False;0
2159;3301;False;0
4115;1431;True;299
1746;4975;True;330
2709;1273;True;253
4188;4554;True;296
3255;4708;True;307
357;883;True;14
880;2191;True;307
3984;2887;False;0
1771;4679;False;0
4269;2049;False;0
3096;152;False;0
2691;3351;False;0
703;1394;False;0
2045;2835;True;359
3648;1158;False;0
2857;2502;False;0
102;4275;True;337
4930;2222;True;80
2345;1298;False;0
596;4901;True;358
3146;3490;True;120
4501;2359;True;305
2944;3944;True;122
3624;3754;True;142
2385;3276;True;18
3988;537;False;0
4573;111;True;78
1243;2874;False;0
97;3267;True;31
2074;3468;True;269
2858;718;True;257
3799;3849;False;0
1856;3488;False;0
3899;329;True;119
144;1982;False;0
1407;4137;False;0
3675;4028;False;0
1775;2034;True;317
2633;3076;False;0
739;1818;True;151
788;2628;False;0
4400;1368;False;0
4388;3870;True;248
212;3993;False;0
2712;2886;False;0
759;1682;False;0
3574;2754;False;0
3989;3090;True;211
4886;2450;False;0
2916;3289;True;343
978;875;True;62
653;3831;True;3
2581;3673;False;0
3991;4756;True;105
3767;51;False;0
3943;1770;True;40
637;4328;True;63
818;3918;True;285
4164;3427;False;0
181;4551;True;158
1671;452;False;0
2668;3934;False;0
250;3957;True;28
1553;3144;False;0
2267;3705;False;0
3835;4728;True;311
1462;406;False;0
4254;53;True;11
3282;1835;False;0
4793;3443;True;70
2045;4799;False;0
3549;511;False;0
1051;3435;True;213
2897;7;False;0
2688;503;False;0
2277;4120;False;0
2609;2637;False;0
1446;4015;True;127
1154;82;True;18
780;3299;True;219
1243;2497;True;239
3465;3690;False;0
3718;4675;False;0
4678;266;True;361
2529;4798;False;0
4364;3551;False;0
1501;3105;True;55
4397;4234;False;0
1215;4645;True;301
2263;2444;False;0
2653;3762;False;0
445;4734;False;0
1998;2442;True;138
1552;1855;True;338
3191;2974;False;0
2232;465;True;363
1351;105;False;0
90;879;True;351
285;725;True;112
4406;4916;False;0
1111;1940;True;18
773;4163;False;0
3313;955;True;311
2914;254;False;0
2950;1156;False;0
3673;82;True;219
4941;898;True;162
1394;1309;False;0
2483;1950;False;0
4819;2361;True;291
2029;3364;True;65
166;3817;True;36
837;4719;True;131
4163;4737;True;12
4961;1350;True;100
1772;2206;True;45
884;459;True;63
3189;4296;True;322
2856;362;True;223
2133;4870;True;240
687;1554;False;0
4823;658;False;0
1393;3809;False;0
3271;2022;True;86
3572;600;True;354
2782;865;True;271
1685;178;False;0
2604;2310;False;0
635;707;False;0
2105;2862;True;36
34;1510;True;76
310;2715;True;36
173;1294;True;71
714;2246;True;358
1590;1968;True;194
3834;1277;False;0
3153;1931;True;35
3614;2965;False;0
3416;2240;False;0
1592;1187;True;353
1947;4036;False;0
3416;4926;True;74
4521;2054;False;0
3953;4504;False;0
982;4618;True;19
4845;3853;False;0
130;429;False;0
1415;3731;True;212
4898;3979;True;285
1035;2396;True;187
2901;2545;True;244
4227;2072;True;351
3795;2121;True;231
4637;235;True;104
3647;2532;False;0
1926;4712;False;0
1497;27;False;0
2760;4520;False;0
3314;3566;True;250
3158;3351;False;0
3661;4826;False;0
4075;3510;True;126
1264;323;False;0
1798;487;False;0
3113;4291;False;0
2581;2106;False;0
3046;4054;False;0
619;3516;True;177
1348;4239;True;11
3134;3450;True;70
412;4546;True;186
603;1979;False;0
928;3626;False;0
